seed,method,step,train_loss,val_loss
0,mlp_ae,50,1.3143060207366943,1.3082866668701172
0,mlp_ae,100,1.0139703750610352,1.0127930641174316
0,mlp_ae,150,0.8550664186477661,0.8485624194145203
0,mlp_ae,200,0.7502463459968567,0.7470451593399048
0,mlp_ae,250,0.6905415654182434,0.6945275068283081
0,mlp_ae,300,0.6493499279022217,0.6516919136047363
0,mlp_ae,350,0.6228594183921814,0.6226874589920044
0,mlp_ae,400,0.6034704446792603,0.6033443212509155
0,mlp_ae,450,0.5818636417388916,0.5882666110992432
0,mlp_ae,500,0.5752215385437012,0.5810865163803101
0,mlp_ae,550,0.5697913765907288,0.5700026750564575
0,mlp_ae,600,0.5647090673446655,0.5647543668746948
0,mlp_ae,650,0.5556042790412903,0.5603876113891602
0,mlp_ae,700,0.551356852054596,0.557416558265686
0,mlp_ae,750,0.549063503742218,0.5510510206222534
0,mlp_ae,800,0.549858033657074,0.5480950474739075
0,mlp_ae,850,0.5392462015151978,0.5471029877662659
0,mlp_ae,900,0.5375669002532959,0.5425685048103333
0,mlp_ae,950,0.5419966578483582,0.5440046787261963
0,mlp_ae,1000,0.5405898094177246,0.541810929775238
0,mlp_ae,1050,0.5298771858215332,0.5382416248321533
0,mlp_ae,1100,0.532541036605835,0.5389475226402283
0,mlp_ae,1150,0.5357265472412109,0.537881076335907
0,mlp_ae,1200,0.5342373847961426,0.5352615118026733
0,mlp_ae,1250,0.5238586664199829,0.5329086780548096
0,mlp_ae,1300,0.5256105661392212,0.5317691564559937
0,mlp_ae,1350,0.5281937122344971,0.5321115851402283
0,mlp_ae,1400,0.5270299315452576,0.5277506113052368
0,mlp_ae,1450,0.5213475227355957,0.5298550724983215
0,mlp_ae,1500,0.5213875770568848,0.527787983417511
0,mlp_ae,1550,0.5286774635314941,0.5340108275413513
0,mlp_ae,1600,0.5255320072174072,0.5262629985809326
0,mlp_ae,1650,0.5171785950660706,0.5264643430709839
0,mlp_ae,1700,0.5176355838775635,0.5246521234512329
0,mlp_ae,1750,0.5189706087112427,0.5227111577987671
0,mlp_ae,1800,0.5199713110923767,0.5222365856170654
0,mlp_ae,1850,0.5138925313949585,0.5233721733093262
0,mlp_ae,1900,0.5152971744537354,0.5224416255950928
0,mlp_ae,1950,0.5171652436256409,0.5220898389816284
0,mlp_ae,2000,0.5212423205375671,0.523804783821106
0,sage_selfloop,50,1.1702232360839844,1.1618062257766724
0,sage_selfloop,100,0.9123187065124512,0.9077550172805786
0,sage_selfloop,150,0.722139835357666,0.7203842401504517
0,sage_selfloop,200,0.6575878858566284,0.6554967164993286
0,sage_selfloop,250,0.6215345859527588,0.628743052482605
0,sage_selfloop,300,0.6009199619293213,0.6044219732284546
0,sage_selfloop,350,0.5819127559661865,0.5872834324836731
0,sage_selfloop,400,0.5731360912322998,0.5750516653060913
0,sage_selfloop,450,0.5577788352966309,0.5665391683578491
0,sage_selfloop,500,0.5495824813842773,0.5572123527526855
0,sage_selfloop,550,0.5482469797134399,0.5518568754196167
0,sage_selfloop,600,0.5534559488296509,0.5537936687469482
0,sage_selfloop,650,0.5366120338439941,0.5439127683639526
0,sage_selfloop,700,0.5362603068351746,0.5461532473564148
0,sage_selfloop,750,0.5383905172348022,0.5409342050552368
0,sage_selfloop,800,0.5382577180862427,0.5395697355270386
0,sage_selfloop,850,0.5300700664520264,0.5394485592842102
0,sage_selfloop,900,0.5266748666763306,0.5364249348640442
0,sage_selfloop,950,0.529881477355957,0.5346508026123047
0,sage_selfloop,1000,0.543547511100769,0.5506128072738647
0,sage_selfloop,1050,0.5214078426361084,0.532058835029602
0,sage_selfloop,1100,0.5221529006958008,0.5322762131690979
0,sage_selfloop,1150,0.5309419631958008,0.5361289978027344
0,sage_selfloop,1200,0.5264531373977661,0.5293495655059814
0,sage_selfloop,1250,0.5190720558166504,0.5303983688354492
0,sage_selfloop,1300,0.5185329914093018,0.5284597277641296
0,sage_selfloop,1350,0.5227940082550049,0.5287837982177734
0,sage_selfloop,1400,0.5238489508628845,0.5261387825012207
0,sage_selfloop,1450,0.5148084759712219,0.5258679389953613
0,sage_selfloop,1500,0.5162109732627869,0.526757001876831
0,sage_selfloop,1550,0.5218585729598999,0.5261577367782593
0,sage_selfloop,1600,0.5224813222885132,0.5250203609466553
0,sage_selfloop,1650,0.5119974613189697,0.5234971046447754
0,sage_selfloop,1700,0.5131732821464539,0.5239054560661316
0,sage_selfloop,1750,0.5169401168823242,0.5230367183685303
0,sage_selfloop,1800,0.5185966491699219,0.5207183361053467
0,sage_selfloop,1850,0.510086178779602,0.5214648842811584
0,sage_selfloop,1900,0.5105874538421631,0.5210363864898682
0,sage_selfloop,1950,0.5177953243255615,0.5231139659881592
0,sage_selfloop,2000,0.5175958871841431,0.5189633965492249
0,sage_rand,50,1.2886838912963867,1.2866843938827517
0,sage_rand,100,1.0372157096862793,1.0343571901321411
0,sage_rand,150,0.8642256259918213,0.8806240558624268
0,sage_rand,200,0.7616984844207764,0.7647550106048584
0,sage_rand,250,0.706489622592926,0.7168532609939575
0,sage_rand,300,0.6834312677383423,0.6899678707122803
0,sage_rand,350,0.6625539064407349,0.6667990684509277
0,sage_rand,400,0.6367629766464233,0.6412081718444824
0,sage_rand,450,0.612515926361084,0.6192371845245361
0,sage_rand,500,0.6004136800765991,0.6074124574661255
0,sage_rand,550,0.5904130935668945,0.5931779742240906
0,sage_rand,600,0.5836396217346191,0.5852644443511963
0,sage_rand,650,0.5660043358802795,0.5731021165847778
0,sage_rand,700,0.5667188167572021,0.5695228576660156
0,sage_rand,750,0.5802597403526306,0.588837742805481
0,sage_rand,800,0.5588153600692749,0.5589415431022644
0,sage_rand,850,0.5495510101318359,0.5568209886550903
0,sage_rand,900,0.544684886932373,0.5508577227592468
0,sage_rand,950,0.5467073917388916,0.5547757148742676
0,sage_rand,1000,0.5501420497894287,0.5525220632553101
0,sage_rand,1050,0.5378558039665222,0.5480443835258484
0,sage_rand,1100,0.5371949076652527,0.5431060194969177
0,sage_rand,1150,0.5377203226089478,0.5474481582641602
0,sage_rand,1200,0.5389883518218994,0.5432228446006775
0,sage_rand,1250,0.5295343399047852,0.5394254326820374
0,sage_rand,1300,0.5318225622177124,0.5404201745986938
0,sage_rand,1350,0.5334558486938477,0.5401003956794739
0,sage_rand,1400,0.5336832404136658,0.5375103950500488
0,sage_rand,1450,0.5308394432067871,0.5405178070068359
0,sage_rand,1500,0.5272420644760132,0.545015811920166
0,sage_rand,1550,0.530299186706543,0.5365906953811646
0,sage_rand,1600,0.5308208465576172,0.5332770943641663
0,sage_rand,1650,0.5212387442588806,0.532607913017273
0,sage_rand,1700,0.5260873436927795,0.536733865737915
0,sage_rand,1750,0.5255059003829956,0.5336422324180603
0,sage_rand,1800,0.5300251245498657,0.5325444936752319
0,sage_rand,1850,0.5205338597297668,0.533772349357605
0,sage_rand,1900,0.5201754570007324,0.5320731401443481
0,sage_rand,1950,0.5233611464500427,0.5314170122146606
0,sage_rand,2000,0.5244931578636169,0.5309097766876221
0,sage_knn,50,1.2388761043548584,1.2493163347244265
0,sage_knn,100,0.974120557308197,0.98430335521698
0,sage_knn,150,0.8176113367080688,0.8264994621276855
0,sage_knn,200,0.7456436157226562,0.7438432574272156
0,sage_knn,250,0.6886760592460632,0.7020324468612671
0,sage_knn,300,0.6549489498138428,0.6657700538635254
0,sage_knn,350,0.6316006183624268,0.6372164487838745
0,sage_knn,400,0.6187931299209595,0.6244652271270752
0,sage_knn,450,0.6004812717437744,0.61171555519104
0,sage_knn,500,0.6191684603691101,0.6142466068267822
0,sage_knn,550,0.5934181809425354,0.6061135530471802
0,sage_knn,600,0.5779179930686951,0.581329345703125
0,sage_knn,650,0.5690284967422485,0.5780961513519287
0,sage_knn,700,0.5687448978424072,0.5789431929588318
0,sage_knn,750,0.5608717203140259,0.5708621740341187
0,sage_knn,800,0.5897813439369202,0.6147953867912292
0,sage_knn,850,0.5465183258056641,0.560030460357666
0,sage_knn,900,0.5466675758361816,0.5575401782989502
0,sage_knn,950,0.5476806163787842,0.5534175634384155
0,sage_knn,1000,0.5505090951919556,0.5541686415672302
0,sage_knn,1050,0.5380678176879883,0.5500921010971069
0,sage_knn,1100,0.5419119000434875,0.5540983080863953
0,sage_knn,1150,0.5386468172073364,0.5443692207336426
0,sage_knn,1200,0.5385680198669434,0.5462899208068848
0,sage_knn,1250,0.5294775366783142,0.5414361953735352
0,sage_knn,1300,0.5283101201057434,0.5412082076072693
0,sage_knn,1350,0.5299786329269409,0.5374150276184082
0,sage_knn,1400,0.5308318734169006,0.5374871492385864
0,sage_knn,1450,0.5236923694610596,0.5375299453735352
0,sage_knn,1500,0.5209832191467285,0.5341740846633911
0,sage_knn,1550,0.5255331993103027,0.5349518060684204
0,sage_knn,1600,0.5236548185348511,0.5299837589263916
0,sage_knn,1650,0.5247529745101929,0.5415008664131165
0,sage_knn,1700,0.5198594331741333,0.5336242914199829
0,sage_knn,1750,0.5205702781677246,0.5310502648353577
0,sage_knn,1800,0.5215004682540894,0.5291850566864014
0,sage_knn,1850,0.5136456489562988,0.5294339656829834
0,sage_knn,1900,0.5157182812690735,0.5309105515480042
0,sage_knn,1950,0.5203263759613037,0.5344851016998291
0,sage_knn,2000,0.5203747749328613,0.5274783372879028
0,sage_bip,50,1.1792700290679932,1.173466444015503
0,sage_bip,100,0.9124763011932372,0.913564682006836
0,sage_bip,150,0.8021171689033508,0.8051023483276367
0,sage_bip,200,0.728844404220581,0.7287052869796753
0,sage_bip,250,0.6733251810073853,0.6816487312316895
0,sage_bip,300,0.6429694890975952,0.6522607803344727
0,sage_bip,350,0.6252845525741577,0.6242114305496216
0,sage_bip,400,0.6062032580375671,0.6115837097167969
0,sage_bip,450,0.5869992971420288,0.5925078392028809
0,sage_bip,500,0.5787391662597656,0.5853251814842224
0,sage_bip,550,0.573962390422821,0.5779463648796082
0,sage_bip,600,0.5751258134841919,0.5731797218322754
0,sage_bip,650,0.5585855841636658,0.5712703466415405
0,sage_bip,700,0.5596978068351746,0.5661474466323853
0,sage_bip,750,0.5593592524528503,0.565266489982605
0,sage_bip,800,0.5630229711532593,0.5625170469284058
0,sage_bip,850,0.5468018054962158,0.5587195158004761
0,sage_bip,900,0.5491418242454529,0.5610625743865967
0,sage_bip,950,0.5470089912414551,0.5553680658340454
0,sage_bip,1000,0.548155665397644,0.5516834259033203
0,sage_bip,1050,0.5405091047286987,0.552356481552124
0,sage_bip,1100,0.5415433049201965,0.5514835715293884
0,sage_bip,1150,0.5378321409225464,0.5474655628204346
0,sage_bip,1200,0.539907693862915,0.5448403358459473
0,sage_bip,1250,0.5308744311332703,0.5433974266052246
0,sage_bip,1300,0.5307833552360535,0.5438668727874756
0,sage_bip,1350,0.5310476422309875,0.5408035516738892
0,sage_bip,1400,0.5351055860519409,0.5409296751022339
0,sage_bip,1450,0.5225086808204651,0.5355894565582275
0,sage_bip,1500,0.5224077701568604,0.5351788997650146
0,sage_bip,1550,0.5254917144775391,0.5346516370773315
0,sage_bip,1600,0.5279129147529602,0.5344661474227905
0,sage_bip,1650,0.5213285684585571,0.5346649289131165
0,sage_bip,1700,0.5250242948532104,0.5332157611846924
0,sage_bip,1750,0.5255337357521057,0.5312606692314148
0,sage_bip,1800,0.5276448130607605,0.5347552299499512
0,sage_bip,1850,0.5199814438819885,0.5296434164047241
0,sage_bip,1900,0.5204509496688843,0.5323333144187927
0,sage_bip,1950,0.526103138923645,0.5375750064849854
0,sage_bip,2000,0.5222848057746887,0.5280174016952515
0,sage_bip_nopool,50,1.1703966856002808,1.1618574857711792
0,sage_bip_nopool,100,0.9201538562774658,0.9150898456573486
0,sage_bip_nopool,150,0.8086398839950562,0.8050400614738464
0,sage_bip_nopool,200,0.7394208312034607,0.7375946044921875
0,sage_bip_nopool,250,0.6849746704101562,0.6848561763763428
0,sage_bip_nopool,300,0.6524463891983032,0.6523265838623047
0,sage_bip_nopool,350,0.6728381514549255,0.6526923179626465
0,sage_bip_nopool,400,0.6219616532325745,0.6165609359741211
0,sage_bip_nopool,450,0.604438066482544,0.6072120666503906
0,sage_bip_nopool,500,0.5913354158401489,0.5930980443954468
0,sage_bip_nopool,550,0.5854631066322327,0.585579514503479
0,sage_bip_nopool,600,0.5807839632034302,0.5797090530395508
0,sage_bip_nopool,650,0.5705997943878174,0.5746417045593262
0,sage_bip_nopool,700,0.5688232183456421,0.5713523626327515
0,sage_bip_nopool,750,0.562762439250946,0.5652655363082886
0,sage_bip_nopool,800,0.5640552043914795,0.5624648928642273
0,sage_bip_nopool,850,0.5508101582527161,0.5557206273078918
0,sage_bip_nopool,900,0.5482995510101318,0.5535262823104858
0,sage_bip_nopool,950,0.5611776113510132,0.5616762638092041
0,sage_bip_nopool,1000,0.5473181009292603,0.5452163219451904
0,sage_bip_nopool,1050,0.5391032099723816,0.5479426383972168
0,sage_bip_nopool,1100,0.546926736831665,0.5503860712051392
0,sage_bip_nopool,1150,0.5413081645965576,0.540255069732666
0,sage_bip_nopool,1200,0.5402671098709106,0.5360658764839172
0,sage_bip_nopool,1250,0.5293129682540894,0.5331496000289917
0,sage_bip_nopool,1300,0.5286905169487,0.5329663753509521
0,sage_bip_nopool,1350,0.5276507139205933,0.5299168825149536
0,sage_bip_nopool,1400,0.5387325286865234,0.535152792930603
0,sage_bip_nopool,1450,0.5223369598388672,0.5256489515304565
0,sage_bip_nopool,1500,0.5244153738021851,0.5300718545913696
0,sage_bip_nopool,1550,0.5303162932395935,0.5302682518959045
0,sage_bip_nopool,1600,0.5258300304412842,0.5232882499694824
0,sage_bip_nopool,1650,0.5194660425186157,0.5269075036048889
0,sage_bip_nopool,1700,0.519999086856842,0.5260922908782959
0,sage_bip_nopool,1750,0.5218666195869446,0.5230745077133179
0,sage_bip_nopool,1800,0.5231749415397644,0.5224023461341858
0,sage_bip_nopool,1850,0.5166304111480713,0.5201191902160645
0,sage_bip_nopool,1900,0.5150018930435181,0.5221753120422363
0,sage_bip_nopool,1950,0.5174685716629028,0.519760251045227
0,sage_bip_nopool,2000,0.5234998464584351,0.5231798887252808
0,sage_knn_k5,50,1.2343273162841797,1.2426891326904297
0,sage_knn_k5,100,0.975838541984558,0.9842548370361328
0,sage_knn_k5,150,0.8223133087158203,0.8376995325088501
0,sage_knn_k5,200,0.7337868213653564,0.7362996339797974
0,sage_knn_k5,250,0.6705985069274902,0.683108925819397
0,sage_knn_k5,300,0.6457048654556274,0.6527407765388489
0,sage_knn_k5,350,0.6360215544700623,0.6372751593589783
0,sage_knn_k5,400,0.6229408979415894,0.6252307295799255
0,sage_knn_k5,450,0.6100500822067261,0.6227341294288635
0,sage_knn_k5,500,0.5977150201797485,0.6051798462867737
0,sage_knn_k5,550,0.582900881767273,0.5909780263900757
0,sage_knn_k5,600,0.5767987966537476,0.5833446979522705
0,sage_knn_k5,650,0.5708096027374268,0.5794615149497986
0,sage_knn_k5,700,0.5687358975410461,0.5718029737472534
0,sage_knn_k5,750,0.5611828565597534,0.5692863464355469
0,sage_knn_k5,800,0.5582133531570435,0.5597563982009888
0,sage_knn_k5,850,0.5446404814720154,0.5597180128097534
0,sage_knn_k5,900,0.545208752155304,0.5537786483764648
0,sage_knn_k5,950,0.5447568893432617,0.5512601137161255
0,sage_knn_k5,1000,0.5450918674468994,0.5494691133499146
0,sage_knn_k5,1050,0.5348595380783081,0.5478083491325378
0,sage_knn_k5,1100,0.5371662974357605,0.5492230653762817
0,sage_knn_k5,1150,0.5357848405838013,0.5416333675384521
0,sage_knn_k5,1200,0.536653995513916,0.5416762828826904
0,sage_knn_k5,1250,0.5265648365020752,0.5381975769996643
0,sage_knn_k5,1300,0.5259604454040527,0.5394999980926514
0,sage_knn_k5,1350,0.5364542603492737,0.5423789024353027
0,sage_knn_k5,1400,0.5302397012710571,0.5361305475234985
0,sage_knn_k5,1450,0.5285300016403198,0.5412993431091309
0,sage_knn_k5,1500,0.5345362424850464,0.5454473495483398
0,sage_knn_k5,1550,0.5309048295021057,0.5376769304275513
0,sage_knn_k5,1600,0.525842547416687,0.5302096605300903
0,sage_knn_k5,1650,0.5181871652603149,0.5277963876724243
0,sage_knn_k5,1700,0.5198557376861572,0.5311620831489563
0,sage_knn_k5,1750,0.5227478742599487,0.5283957719802856
0,sage_knn_k5,1800,0.5231590867042542,0.5280135869979858
0,sage_knn_k5,1850,0.5149728059768677,0.5254166722297668
0,sage_knn_k5,1900,0.516937255859375,0.5268727540969849
0,sage_knn_k5,1950,0.5176020264625549,0.5242342352867126
0,sage_knn_k5,2000,0.5214724540710449,0.5259987115859985
0,sage_knn_k20,50,1.241861343383789,1.255976915359497
0,sage_knn_k20,100,0.9846572279930116,0.9937311410903932
0,sage_knn_k20,150,0.8237149715423584,0.8456546664237976
0,sage_knn_k20,200,0.755644679069519,0.7587991952896118
0,sage_knn_k20,250,0.6867772340774536,0.702216386795044
0,sage_knn_k20,300,0.6633093357086182,0.6884816884994507
0,sage_knn_k20,350,0.6326783895492554,0.6455591917037964
0,sage_knn_k20,400,0.6220695376396179,0.6317520141601562
0,sage_knn_k20,450,0.6026109457015991,0.6159780621528625
0,sage_knn_k20,500,0.5911195278167725,0.6046732664108276
0,sage_knn_k20,550,0.5849308967590332,0.5926331877708435
0,sage_knn_k20,600,0.5778199434280396,0.5846518874168396
0,sage_knn_k20,650,0.5615140199661255,0.5760981440544128
0,sage_knn_k20,700,0.5868751406669617,0.6002230644226074
0,sage_knn_k20,750,0.5577189922332764,0.5680092573165894
0,sage_knn_k20,800,0.5583808422088623,0.5682891011238098
0,sage_knn_k20,850,0.5436776876449585,0.5573388338088989
0,sage_knn_k20,900,0.5448529720306396,0.5607435703277588
0,sage_knn_k20,950,0.5528103113174438,0.5575159192085266
0,sage_knn_k20,1000,0.5478938221931458,0.5540984272956848
0,sage_knn_k20,1050,0.5320707559585571,0.5478465557098389
0,sage_knn_k20,1100,0.533021867275238,0.5480849146842957
0,sage_knn_k20,1150,0.5363891124725342,0.5436360239982605
0,sage_knn_k20,1200,0.5372399091720581,0.5439760684967041
0,sage_knn_k20,1250,0.5271144509315491,0.540573000907898
0,sage_knn_k20,1300,0.5276404619216919,0.541043758392334
0,sage_knn_k20,1350,0.5331296920776367,0.545141339302063
0,sage_knn_k20,1400,0.5332322716712952,0.5405691862106323
0,sage_knn_k20,1450,0.5221059322357178,0.53734290599823
0,sage_knn_k20,1500,0.5236214399337769,0.5364856719970703
0,sage_knn_k20,1550,0.5260555744171143,0.5344947576522827
0,sage_knn_k20,1600,0.5287473797798157,0.537077784538269
0,sage_knn_k20,1650,0.5217153429985046,0.5368015766143799
0,sage_knn_k20,1700,0.5195289850234985,0.5347561836242676
0,sage_knn_k20,1750,0.5256924629211426,0.5366512537002563
0,sage_knn_k20,1800,0.5329552888870239,0.5418733358383179
0,sage_knn_k20,1850,0.5171998739242554,0.5323874354362488
0,sage_knn_k20,1900,0.5171508193016052,0.5302558541297913
0,sage_knn_k20,1950,0.5178860425949097,0.5291857719421387
0,sage_knn_k20,2000,0.5224922299385071,0.5280576944351196
0,mlp_ae_nomask,50,1.033036231994629,1.0278160572052002
0,mlp_ae_nomask,100,0.6399757862091064,0.638695478439331
0,mlp_ae_nomask,150,0.3875461518764496,0.3895785808563232
0,mlp_ae_nomask,200,0.2815260589122772,0.3013617396354675
0,mlp_ae_nomask,250,0.2161207646131515,0.2226618379354477
0,mlp_ae_nomask,300,0.1405848264694214,0.1455450505018234
0,mlp_ae_nomask,350,0.1018546223640441,0.105596549808979
0,mlp_ae_nomask,400,0.0786570608615875,0.0810048729181289
0,mlp_ae_nomask,450,0.1485227793455124,0.0796166062355041
0,mlp_ae_nomask,500,0.0528561994433403,0.0570613294839859
0,mlp_ae_nomask,550,0.0960949957370758,0.1086463779211044
0,mlp_ae_nomask,600,0.0344937369227409,0.0387321412563324
0,mlp_ae_nomask,650,0.0365015044808387,0.0334180183708667
0,mlp_ae_nomask,700,0.0236160941421985,0.0268378108739852
0,mlp_ae_nomask,750,0.0264687780290842,0.0291238389909267
0,mlp_ae_nomask,800,0.0189036261290311,0.021785195916891
0,mlp_ae_nomask,850,0.0161716435104608,0.0189107898622751
0,mlp_ae_nomask,900,0.0242121629416942,0.0253278166055679
0,mlp_ae_nomask,950,0.0141193512827157,0.0167531110346317
0,mlp_ae_nomask,1000,0.0121472300961613,0.0146681517362594
0,mlp_ae_nomask,1050,0.0221540629863739,0.0747768953442573
0,mlp_ae_nomask,1100,0.0116757843643426,0.0146003710106015
0,mlp_ae_nomask,1150,0.00951256044209,0.011972895823419
0,mlp_ae_nomask,1200,0.0082601644098758,0.0106958746910095
0,mlp_ae_nomask,1250,0.0072555923834443,0.0096691213548183
0,mlp_ae_nomask,1300,0.0116888210177421,0.0153446365147829
0,mlp_ae_nomask,1350,0.006979183293879,0.0092742955312132
0,mlp_ae_nomask,1400,0.0059611150063574,0.0081725735217332
0,mlp_ae_nomask,1450,0.005257767625153,0.0074141817167401
0,mlp_ae_nomask,1500,0.0097728800028562,0.0200727153569459
0,mlp_ae_nomask,1550,0.0054740104824304,0.0075433668680489
0,mlp_ae_nomask,1600,0.0045792106539011,0.0065941805951297
0,mlp_ae_nomask,1650,0.004045526497066,0.0060279071331024
0,mlp_ae_nomask,1700,0.0036302260123193,0.0055901538580656
0,mlp_ae_nomask,1750,0.0104255257174372,0.0097597073763608
0,mlp_ae_nomask,1800,0.0040713986381888,0.0059349979273974
0,mlp_ae_nomask,1850,0.0034326228778809,0.0052824662998318
0,mlp_ae_nomask,1900,0.0030451654456555,0.0048894337378442
0,mlp_ae_nomask,1950,0.0027469489723443,0.004587635397911
0,mlp_ae_nomask,2000,0.0153148099780082,0.0173721965402364
0,sage_selfloop_nomask,50,0.8307324051856995,0.82086580991745
0,sage_selfloop_nomask,100,0.4934848845005035,0.5196709632873535
0,sage_selfloop_nomask,150,0.2667921781539917,0.2651163637638092
0,sage_selfloop_nomask,200,0.1499804258346557,0.1563275009393692
0,sage_selfloop_nomask,250,0.1064287275075912,0.1023217067122459
0,sage_selfloop_nomask,300,0.073662631213665,0.0810819715261459
0,sage_selfloop_nomask,350,0.0486426874995231,0.0498517416417598
0,sage_selfloop_nomask,400,0.0405225194990634,0.0413292832672596
0,sage_selfloop_nomask,450,0.0598692037165164,0.0441384501755237
0,sage_selfloop_nomask,500,0.0259089265018701,0.0276513192802667
0,sage_selfloop_nomask,550,0.0418250188231468,0.0292131341993808
0,sage_selfloop_nomask,600,0.0179025493562221,0.0200014393776655
0,sage_selfloop_nomask,650,0.0138882957398891,0.0162901673465967
0,sage_selfloop_nomask,700,0.0164302289485931,0.0174186490476131
0,sage_selfloop_nomask,750,0.0110389785841107,0.0134432632476091
0,sage_selfloop_nomask,800,0.0274699348956346,0.0472797192633152
0,sage_selfloop_nomask,850,0.0084557551890611,0.0107817184180021
0,sage_selfloop_nomask,900,0.0068699615076184,0.0090894773602485
0,sage_selfloop_nomask,950,0.010723078623414,0.0115187233313918
0,sage_selfloop_nomask,1000,0.0063270535320043,0.0082709928974509
0,sage_selfloop_nomask,1050,0.0051702545024454,0.0070775900967419
0,sage_selfloop_nomask,1100,0.0101068131625652,0.0478434078395366
0,sage_selfloop_nomask,1150,0.005866621620953,0.0079053482040762
0,sage_selfloop_nomask,1200,0.0044022509828209,0.0062421672046184
0,sage_selfloop_nomask,1250,0.0036671427078545,0.005489285569638
0,sage_selfloop_nomask,1300,0.0093145910650491,0.0145197706297039
0,sage_selfloop_nomask,1350,0.0039924783632159,0.0057339337654411
0,sage_selfloop_nomask,1400,0.0031435675919055,0.0049225566908717
0,sage_selfloop_nomask,1450,0.0026795882731676,0.0044396203011274
0,sage_selfloop_nomask,1500,0.0063736774027347,0.0063649266958236
0,sage_selfloop_nomask,1550,0.0027932482771575,0.0045273089781403
0,sage_selfloop_nomask,1600,0.0023187538608908,0.0040281447581946
0,sage_selfloop_nomask,1650,0.0020376530010253,0.00374884204939
0,sage_selfloop_nomask,1700,0.0027701633516699,0.0047827563248574
0,sage_selfloop_nomask,1750,0.0020014238543808,0.0036402703262865
0,sage_selfloop_nomask,1800,0.0017337510362267,0.0033742999657988
0,sage_selfloop_nomask,1850,0.0035830170381814,0.0058797961100935
0,sage_selfloop_nomask,1900,0.0020102302078157,0.0036050723865628
0,sage_selfloop_nomask,1950,0.0016533068846911,0.0032194415107369
0,sage_selfloop_nomask,2000,0.0014350401470437,0.0029768492095172
0,sage_rand_nomask,50,0.998541295528412,0.9958642721176147
0,sage_rand_nomask,100,0.6930968761444092,0.6909940242767334
0,sage_rand_nomask,150,0.4690799117088318,0.4607689976692199
0,sage_rand_nomask,200,0.4663888812065124,0.480251133441925
0,sage_rand_nomask,250,0.2141039669513702,0.2172088176012039
0,sage_rand_nomask,300,0.1719234734773636,0.17558054625988
0,sage_rand_nomask,350,0.1444119662046432,0.1471994072198867
0,sage_rand_nomask,400,0.2106415629386901,0.1561245322227478
0,sage_rand_nomask,450,0.0969710946083068,0.0997648611664772
0,sage_rand_nomask,500,0.1007290855050087,0.0989872217178344
0,sage_rand_nomask,550,0.0698097124695777,0.0724339932203292
0,sage_rand_nomask,600,0.0901325047016143,0.0622565820813179
0,sage_rand_nomask,650,0.0450950674712657,0.0470156110823154
0,sage_rand_nomask,700,0.0412871651351451,0.0407445505261421
0,sage_rand_nomask,750,0.0306594520807266,0.0334250628948211
0,sage_rand_nomask,800,0.027520265430212,0.029289660975337
0,sage_rand_nomask,850,0.0212359260767698,0.0230844058096408
0,sage_rand_nomask,900,0.0233381539583206,0.0302303843200206
0,sage_rand_nomask,950,0.0163014866411685,0.0182742122560739
0,sage_rand_nomask,1000,0.058757446706295,0.0306783057749271
0,sage_rand_nomask,1050,0.0133864739909768,0.0156327560544013
0,sage_rand_nomask,1100,0.0109753282740712,0.0130641711875796
0,sage_rand_nomask,1150,0.0132849505171179,0.0171502847224473
0,sage_rand_nomask,1200,0.009330098517239,0.0113987689837813
0,sage_rand_nomask,1250,0.0197725873440504,0.0397137552499771
0,sage_rand_nomask,1300,0.0081280870363116,0.0101591553539037
0,sage_rand_nomask,1350,0.0069185914471745,0.0088533516973257
0,sage_rand_nomask,1400,0.2152547985315323,0.0380438975989818
0,sage_rand_nomask,1450,0.0076063540764153,0.0098936185240745
0,sage_rand_nomask,1500,0.0059966878034174,0.00782997533679
0,sage_rand_nomask,1550,0.0052531468681991,0.0070393960922956
0,sage_rand_nomask,1600,0.0198672469705343,0.0291976071894168
0,sage_rand_nomask,1650,0.0060720727778971,0.0077010388486087
0,sage_rand_nomask,1700,0.0048204977065324,0.0065455813892185
0,sage_rand_nomask,1750,0.004234701860696,0.0059161777608096
0,sage_rand_nomask,1800,0.0181806869804859,0.0171669404953718
0,sage_rand_nomask,1850,0.0045761317014694,0.0062886113300919
0,sage_rand_nomask,1900,0.0037486590445041,0.0054256916046142
0,sage_rand_nomask,1950,0.0033231494016945,0.0049612163566052
0,sage_rand_nomask,2000,0.0113528734073042,0.0125569971278309
0,sage_knn_nomask,50,0.8604214787483215,0.8549594879150391
0,sage_knn_nomask,100,0.537422239780426,0.5318794250488281
0,sage_knn_nomask,150,0.3424315750598907,0.3414160311222076
0,sage_knn_nomask,200,0.2078150361776352,0.2138628661632537
0,sage_knn_nomask,250,0.1459759324789047,0.1467293798923492
0,sage_knn_nomask,300,0.109137438237667,0.1147961616516113
0,sage_knn_nomask,350,0.0983164757490158,0.089706189930439
0,sage_knn_nomask,400,0.0988290458917617,0.1014352068305015
0,sage_knn_nomask,450,0.0491726696491241,0.052992820739746
0,sage_knn_nomask,500,0.0420451164245605,0.0451885238289833
0,sage_knn_nomask,550,0.0797213241457939,0.0611464753746986
0,sage_knn_nomask,600,0.0273606684058904,0.0319572538137435
0,sage_knn_nomask,650,0.0331228040158748,0.053701251745224
0,sage_knn_nomask,700,0.0202143918722867,0.0250523388385772
0,sage_knn_nomask,750,0.0322763472795486,0.0718162134289741
0,sage_knn_nomask,800,0.0160588230937719,0.02088363468647
0,sage_knn_nomask,850,0.0132505921646952,0.0179004557430744
0,sage_knn_nomask,900,0.0130402911454439,0.0195815507322549
0,sage_knn_nomask,950,0.0106609240174293,0.0151985846459865
0,sage_knn_nomask,1000,0.0166126973927021,0.0190749168395996
0,sage_knn_nomask,1050,0.0097157042473554,0.0139806997030973
0,sage_knn_nomask,1100,0.008311646990478,0.0125286672264337
0,sage_knn_nomask,1150,0.0196690671145916,0.0378642901778221
0,sage_knn_nomask,1200,0.0081660719588398,0.0122328195720911
0,sage_knn_nomask,1250,0.0066099632531404,0.0105242282152175
0,sage_knn_nomask,1300,0.0057300333864986,0.0095596294850111
0,sage_knn_nomask,1350,0.0093393893912434,0.0143945422023534
0,sage_knn_nomask,1400,0.0054836273193359,0.0091108446940779
0,sage_knn_nomask,1450,0.004641244187951,0.0081907557323575
0,sage_knn_nomask,1500,0.004080606624484,0.0075815208256244
0,sage_knn_nomask,1550,0.0051878183148801,0.0083831045776605
0,sage_knn_nomask,1600,0.003672320395708,0.0070440210402011
0,sage_knn_nomask,1650,0.0041949818842113,0.0085543692111969
0,sage_knn_nomask,1700,0.0044595077633857,0.0079323947429656
0,sage_knn_nomask,1750,0.0031506791710853,0.006377569399774
0,sage_knn_nomask,1800,0.0027096522971987,0.0058723017573356
0,sage_knn_nomask,1850,0.0126491021364927,0.0196975618600845
0,sage_knn_nomask,1900,0.0032666584011167,0.0063540367409586
0,sage_knn_nomask,1950,0.0025339049752801,0.0055781891569495
0,sage_knn_nomask,2000,0.0021844562143087,0.0051602344028651
0,mlp_ae_lr2x,50,1.1483129262924194,1.138843297958374
0,mlp_ae_lr2x,100,0.8975342512130737,0.8898651599884033
0,mlp_ae_lr2x,150,0.7445149421691895,0.7418277263641357
0,mlp_ae_lr2x,200,0.6637334823608398,0.6665323972702026
0,mlp_ae_lr2x,250,0.6167303323745728,0.6253305673599243
0,mlp_ae_lr2x,300,0.5965948700904846,0.5973693132400513
0,mlp_ae_lr2x,350,0.6072227358818054,0.6004794836044312
0,mlp_ae_lr2x,400,0.5770407915115356,0.5747116804122925
0,mlp_ae_lr2x,450,0.5590987205505371,0.5663197040557861
0,mlp_ae_lr2x,500,0.5570952296257019,0.5621992349624634
0,mlp_ae_lr2x,550,0.5566644668579102,0.5554822683334351
0,mlp_ae_lr2x,600,0.5478744506835938,0.5451239943504333
0,mlp_ae_lr2x,650,0.5323097705841064,0.540202260017395
0,mlp_ae_lr2x,700,0.5344722867012024,0.5386238694190979
0,mlp_ae_lr2x,750,0.5313524007797241,0.5316289663314819
0,mlp_ae_lr2x,800,0.5307612419128418,0.5307199954986572
0,mlp_ae_lr2x,850,0.5184707045555115,0.5252701044082642
0,mlp_ae_lr2x,900,0.5202968120574951,0.5240148305892944
0,mlp_ae_lr2x,950,0.521648645401001,0.5247896909713745
0,mlp_ae_lr2x,1000,0.5342427492141724,0.5310381054878235
0,mlp_ae_lr2x,1050,0.5102938413619995,0.519088625907898
0,mlp_ae_lr2x,1100,0.5164746046066284,0.5195831060409546
0,mlp_ae_lr2x,1150,0.5131587386131287,0.5170285701751709
0,mlp_ae_lr2x,1200,0.5175951719284058,0.5193805694580078
0,mlp_ae_lr2x,1250,0.5075562000274658,0.5170720815658569
0,mlp_ae_lr2x,1300,0.5081303119659424,0.5151703357696533
0,mlp_ae_lr2x,1350,0.5096794366836548,0.5145540237426758
0,mlp_ae_lr2x,1400,0.5107371211051941,0.511911153793335
0,mlp_ae_lr2x,1450,0.5031127333641052,0.5131797194480896
0,mlp_ae_lr2x,1500,0.5038822889328003,0.5133266448974609
0,mlp_ae_lr2x,1550,0.5077006816864014,0.5148237347602844
0,mlp_ae_lr2x,1600,0.5078001022338867,0.5115829706192017
0,mlp_ae_lr2x,1650,0.4996314942836761,0.511009931564331
0,mlp_ae_lr2x,1700,0.5013049840927124,0.5110966563224792
0,mlp_ae_lr2x,1750,0.5017536878585815,0.5094318389892578
0,mlp_ae_lr2x,1800,0.5132546424865723,0.5197267532348633
0,mlp_ae_lr2x,1850,0.4989159107208252,0.5096945762634277
0,mlp_ae_lr2x,1900,0.500475287437439,0.5102347135543823
0,mlp_ae_lr2x,1950,0.5012152194976807,0.511680006980896
0,mlp_ae_lr2x,2000,0.5052676200866699,0.511026918888092
0,sage_knn_cleannbr,50,0.9600555300712584,0.9785203337669371
0,sage_knn_cleannbr,100,0.661109983921051,0.7087882161140442
0,sage_knn_cleannbr,150,0.4531372487545013,0.5099066495895386
0,sage_knn_cleannbr,200,0.3375828266143799,0.389311820268631
0,sage_knn_cleannbr,250,0.2722780108451843,0.324593037366867
0,sage_knn_cleannbr,300,0.2298533618450164,0.2800287306308746
0,sage_knn_cleannbr,350,0.2044676691293716,0.2563390731811523
0,sage_knn_cleannbr,400,0.188158318400383,0.2417848706245422
0,sage_knn_cleannbr,450,0.1738724708557129,0.2229073047637939
0,sage_knn_cleannbr,500,0.1657955646514892,0.2112338840961456
0,sage_knn_cleannbr,550,0.1524464040994644,0.1983547806739807
0,sage_knn_cleannbr,600,0.1455932408571243,0.1853363066911697
0,sage_knn_cleannbr,650,0.1388496160507202,0.1796866357326507
0,sage_knn_cleannbr,700,0.1320958435535431,0.1709394752979278
0,sage_knn_cleannbr,750,0.1256183683872223,0.1605066657066345
0,sage_knn_cleannbr,800,0.1214078515768051,0.1573946326971054
0,sage_knn_cleannbr,850,0.1180977150797844,0.1588846743106842
0,sage_knn_cleannbr,900,0.1137180924415588,0.1534663587808609
0,sage_knn_cleannbr,950,0.1087124645709991,0.1440911591053009
0,sage_knn_cleannbr,1000,0.1087892651557922,0.1465085744857788
0,sage_knn_cleannbr,1050,0.1042100340127945,0.1434950530529022
0,sage_knn_cleannbr,1100,0.1057319417595863,0.1381626725196838
0,sage_knn_cleannbr,1150,0.116713210940361,0.1422341167926788
0,sage_knn_cleannbr,1200,0.1004775837063789,0.1335259824991226
0,sage_knn_cleannbr,1250,0.0962189882993698,0.1295984089374542
0,sage_knn_cleannbr,1300,0.0996447131037712,0.1298958957195282
0,sage_knn_cleannbr,1350,0.0955551266670227,0.1230096518993377
0,sage_knn_cleannbr,1400,0.1026773303747177,0.1317185312509536
0,sage_knn_cleannbr,1450,0.0914712101221084,0.1195209771394729
0,sage_knn_cleannbr,1500,0.089656077325344,0.1174486503005027
0,sage_knn_cleannbr,1550,0.0884424522519111,0.1131524220108985
0,sage_knn_cleannbr,1600,0.0875307768583297,0.1117849797010421
0,sage_knn_cleannbr,1650,0.0868162736296653,0.1131675839424133
0,sage_knn_cleannbr,1700,0.0853705629706382,0.1084246486425399
0,sage_knn_cleannbr,1750,0.0839549228549003,0.1061131209135055
0,sage_knn_cleannbr,1800,0.0839074477553367,0.1059247702360153
0,sage_knn_cleannbr,1850,0.0810776948928833,0.1033994406461715
0,sage_knn_cleannbr,1900,0.0811334028840065,0.1021325588226318
0,sage_knn_cleannbr,1950,0.0816517919301986,0.1019878685474395
0,sage_knn_cleannbr,2000,0.0828670561313629,0.1009844094514846
1,mlp_ae,50,1.350541353225708,1.354705810546875
1,mlp_ae,100,1.0350172519683838,1.049101948738098
1,mlp_ae,150,0.8972376585006714,0.9117554426193236
1,mlp_ae,200,0.7704045176506042,0.794690728187561
1,mlp_ae,250,0.6924134492874146,0.7096000909805298
1,mlp_ae,300,0.6507478952407837,0.6686887741088867
1,mlp_ae,350,0.620362401008606,0.6385437250137329
1,mlp_ae,400,0.6025148034095764,0.6199549436569214
1,mlp_ae,450,0.5882086753845215,0.6081850528717041
1,mlp_ae,500,0.583087682723999,0.597718358039856
1,mlp_ae,550,0.5938631296157837,0.5983527898788452
1,mlp_ae,600,0.5635601282119751,0.5813794136047363
1,mlp_ae,650,0.5562652945518494,0.5758833885192871
1,mlp_ae,700,0.5531054735183716,0.5703151226043701
1,mlp_ae,750,0.5504305362701416,0.5661944150924683
1,mlp_ae,800,0.5477838516235352,0.5679599046707153
1,mlp_ae,850,0.5379888415336609,0.558771550655365
1,mlp_ae,900,0.5385757684707642,0.5572097301483154
1,mlp_ae,950,0.5361928343772888,0.5554900169372559
1,mlp_ae,1000,0.534600019454956,0.5520598888397217
1,mlp_ae,1050,0.5300626754760742,0.5506930351257324
1,mlp_ae,1100,0.5364758968353271,0.5531864166259766
1,mlp_ae,1150,0.5289156436920166,0.5476644039154053
1,mlp_ae,1200,0.5268086194992065,0.5454151630401611
1,mlp_ae,1250,0.52415531873703,0.5439226627349854
1,mlp_ae,1300,0.5290867686271667,0.5439907312393188
1,mlp_ae,1350,0.5231359601020813,0.5430172681808472
1,mlp_ae,1400,0.522223174571991,0.5415070056915283
1,mlp_ae,1450,0.5180670022964478,0.5395467281341553
1,mlp_ae,1500,0.522944450378418,0.5394876003265381
1,mlp_ae,1550,0.5181108713150024,0.5372802019119263
1,mlp_ae,1600,0.5174078941345215,0.5365416407585144
1,mlp_ae,1650,0.524682879447937,0.547932505607605
1,mlp_ae,1700,0.515531599521637,0.5339706540107727
1,mlp_ae,1750,0.5144743323326111,0.5345240235328674
1,mlp_ae,1800,0.512410581111908,0.5322734713554382
1,mlp_ae,1850,0.5099018812179565,0.5322932004928589
1,mlp_ae,1900,0.5140575170516968,0.5325210094451904
1,mlp_ae,1950,0.5105271339416504,0.5301024317741394
1,mlp_ae,2000,0.5096330046653748,0.5296097993850708
1,sage_selfloop,50,1.1827325820922852,1.188359618186951
1,sage_selfloop,100,0.8763864040374756,0.8876303434371948
1,sage_selfloop,150,0.7510015368461609,0.7691463828086853
1,sage_selfloop,200,0.6765244007110596,0.6942299604415894
1,sage_selfloop,250,0.626144289970398,0.6453649401664734
1,sage_selfloop,300,0.6021091341972351,0.6196843385696411
1,sage_selfloop,350,0.5805844068527222,0.5975832939147949
1,sage_selfloop,400,0.5657802224159241,0.5907017588615417
1,sage_selfloop,450,0.5636997222900391,0.5734395980834961
1,sage_selfloop,500,0.5501586198806763,0.5698373913764954
1,sage_selfloop,550,0.5423677563667297,0.5612590312957764
1,sage_selfloop,600,0.5379485487937927,0.5575095415115356
1,sage_selfloop,650,0.5344177484512329,0.5552878379821777
1,sage_selfloop,700,0.5308067798614502,0.551052987575531
1,sage_selfloop,750,0.5279305577278137,0.5467711687088013
1,sage_selfloop,800,0.5250086784362793,0.5440281629562378
1,sage_selfloop,850,0.5212773084640503,0.5417811870574951
1,sage_selfloop,900,0.5274583101272583,0.5517743229866028
1,sage_selfloop,950,0.5201572775840759,0.5396996736526489
1,sage_selfloop,1000,0.5196594595909119,0.5400623083114624
1,sage_selfloop,1050,0.5156147480010986,0.5367447733879089
1,sage_selfloop,1100,0.519960880279541,0.537621259689331
1,sage_selfloop,1150,0.5376235246658325,0.5634753704071045
1,sage_selfloop,1200,0.512618899345398,0.5347186326980591
1,sage_selfloop,1250,0.5114216804504395,0.5337501764297485
1,sage_selfloop,1300,0.5119879841804504,0.5318896770477295
1,sage_selfloop,1350,0.5131593942642212,0.5322540998458862
1,sage_selfloop,1400,0.5111733675003052,0.5317609310150146
1,sage_selfloop,1450,0.5099103450775146,0.5330843925476074
1,sage_selfloop,1500,0.5175255537033081,0.5407418012619019
1,sage_selfloop,1550,0.5091246366500854,0.5296541452407837
1,sage_selfloop,1600,0.5086390376091003,0.5298210978507996
1,sage_selfloop,1650,0.5060529708862305,0.5288869142532349
1,sage_selfloop,1700,0.5097836852073669,0.5314458012580872
1,sage_selfloop,1750,0.5130184888839722,0.5366836786270142
1,sage_selfloop,1800,0.5057116746902466,0.5282540321350098
1,sage_selfloop,1850,0.5069180727005005,0.5279346704483032
1,sage_selfloop,1900,0.5062096118927002,0.5276353359222412
1,sage_selfloop,1950,0.5134792327880859,0.5313875079154968
1,sage_selfloop,2000,0.5083024501800537,0.5270981788635254
1,sage_rand,50,1.3052120208740234,1.312543511390686
1,sage_rand,100,1.0135774612426758,1.0301392078399658
1,sage_rand,150,0.8839969635009766,0.9038453102111816
1,sage_rand,200,0.7957576513290405,0.8163725137710571
1,sage_rand,250,0.7381107807159424,0.7593847513198853
1,sage_rand,300,0.7188054323196411,0.7359819412231445
1,sage_rand,350,0.6686394810676575,0.6896824836730957
1,sage_rand,400,0.6322206258773804,0.6539536714553833
1,sage_rand,450,0.6082741022109985,0.6318466663360596
1,sage_rand,500,0.5997903347015381,0.6184428930282593
1,sage_rand,550,0.5912219285964966,0.6132999062538147
1,sage_rand,600,0.5825037956237793,0.6109015941619873
1,sage_rand,650,0.5769802331924438,0.6020435690879822
1,sage_rand,700,0.6065530180931091,0.6513288021087646
1,sage_rand,750,0.5732367634773254,0.5997270345687866
1,sage_rand,800,0.5645929574966431,0.587468683719635
1,sage_rand,850,0.5711340308189392,0.5899460315704346
1,sage_rand,900,0.5596508383750916,0.5796775817871094
1,sage_rand,950,0.5530252456665039,0.5759284496307373
1,sage_rand,1000,0.5492977499961853,0.5727264285087585
1,sage_rand,1050,0.545111894607544,0.5691809058189392
1,sage_rand,1100,0.545885443687439,0.5681800842285156
1,sage_rand,1150,0.5550985336303711,0.5731606483459473
1,sage_rand,1200,0.5404406785964966,0.5656830072402954
1,sage_rand,1250,0.5357105731964111,0.5624473094940186
1,sage_rand,1300,0.536426305770874,0.5600652694702148
1,sage_rand,1350,0.533126175403595,0.5580177307128906
1,sage_rand,1400,0.5358425378799438,0.576714277267456
1,sage_rand,1450,0.5272353887557983,0.5545048713684082
1,sage_rand,1500,0.5299842953681946,0.5561957955360413
1,sage_rand,1550,0.5287941694259644,0.5559275150299072
1,sage_rand,1600,0.5291077494621277,0.5545429587364197
1,sage_rand,1650,0.5272318124771118,0.5526421666145325
1,sage_rand,1700,0.5296170711517334,0.5571490526199341
1,sage_rand,1750,0.5364046096801758,0.5620205402374268
1,sage_rand,1800,0.5277447700500488,0.5575659275054932
1,sage_rand,1850,0.5231310725212097,0.5523209571838379
1,sage_rand,1900,0.5318400859832764,0.5694268345832825
1,sage_rand,1950,0.5209329128265381,0.549412727355957
1,sage_rand,2000,0.5196475386619568,0.5479541420936584
1,sage_knn,50,1.270437479019165,1.302576184272766
1,sage_knn,100,0.9702515602111816,0.994349718093872
1,sage_knn,150,0.814603328704834,0.8374547362327576
1,sage_knn,200,0.7308615446090698,0.7546324729919434
1,sage_knn,250,0.6792372465133667,0.7052810788154602
1,sage_knn,300,0.6542316675186157,0.6717418432235718
1,sage_knn,350,0.6263389587402344,0.6459103226661682
1,sage_knn,400,0.606113851070404,0.6307388544082642
1,sage_knn,450,0.6162376403808594,0.6443156003952026
1,sage_knn,500,0.6055730581283569,0.6138581037521362
1,sage_knn,550,0.5701590776443481,0.5946639776229858
1,sage_knn,600,0.563530445098877,0.5901382565498352
1,sage_knn,650,0.550972580909729,0.5775811076164246
1,sage_knn,700,0.5526743531227112,0.5758163928985596
1,sage_knn,750,0.5498155355453491,0.5719810724258423
1,sage_knn,800,0.5407294034957886,0.5679189562797546
1,sage_knn,850,0.5340167880058289,0.5597394704818726
1,sage_knn,900,0.5363410711288452,0.5578224658966064
1,sage_knn,950,0.5334373116493225,0.5548598766326904
1,sage_knn,1000,0.5430586338043213,0.5752599239349365
1,sage_knn,1050,0.5238279104232788,0.5493109226226807
1,sage_knn,1100,0.5258411765098572,0.5486419200897217
1,sage_knn,1150,0.5242862701416016,0.5460528135299683
1,sage_knn,1200,0.5261883735656738,0.5483109951019287
1,sage_knn,1250,0.6096407771110535,0.6063324213027954
1,sage_knn,1300,0.5194568037986755,0.5449659824371338
1,sage_knn,1350,0.5238481163978577,0.5516232252120972
1,sage_knn,1400,0.5176515579223633,0.5427323579788208
1,sage_knn,1450,0.5159759521484375,0.539499044418335
1,sage_knn,1500,0.5185693502426147,0.5422670841217041
1,sage_knn,1550,0.5139103531837463,0.5386092066764832
1,sage_knn,1600,0.5158412456512451,0.5386532545089722
1,sage_knn,1650,0.5117906332015991,0.5373226404190063
1,sage_knn,1700,0.5117789506912231,0.5353208780288696
1,sage_knn,1750,0.5142161846160889,0.5403099060058594
1,sage_knn,1800,0.5263606309890747,0.5558938384056091
1,sage_knn,1850,0.5102306604385376,0.5364923477172852
1,sage_knn,1900,0.5098514556884766,0.5351929664611816
1,sage_knn,1950,0.5126509666442871,0.5387042760848999
1,sage_knn,2000,0.5087953805923462,0.5330939888954163
1,sage_bip,50,1.1816657781600952,1.1893473863601685
1,sage_bip,100,0.936638593673706,0.949423611164093
1,sage_bip,150,0.7902853488922119,0.8082073330879211
1,sage_bip,200,0.717003345489502,0.7400261163711548
1,sage_bip,250,0.6774975061416626,0.7000905275344849
1,sage_bip,300,0.6421548128128052,0.6664487719535828
1,sage_bip,350,0.6236371397972107,0.6412055492401123
1,sage_bip,400,0.6101938486099243,0.6303689479827881
1,sage_bip,450,0.5895437002182007,0.6127063035964966
1,sage_bip,500,0.5842806100845337,0.6024859547615051
1,sage_bip,550,0.5758737921714783,0.5929526090621948
1,sage_bip,600,0.5649126768112183,0.5857617855072021
1,sage_bip,650,0.5594503879547119,0.5787762403488159
1,sage_bip,700,0.555495023727417,0.5772523283958435
1,sage_bip,750,0.552992045879364,0.5711307525634766
1,sage_bip,800,0.5472079515457153,0.5686557292938232
1,sage_bip,850,0.5524839162826538,0.5722213983535767
1,sage_bip,900,0.5418286919593811,0.5619628429412842
1,sage_bip,950,0.5413285493850708,0.5604590773582458
1,sage_bip,1000,0.5352243185043335,0.5563598871231079
1,sage_bip,1050,0.5424505472183228,0.5699511766433716
1,sage_bip,1100,0.5399720668792725,0.5642733573913574
1,sage_bip,1150,0.5283163785934448,0.5494153499603271
1,sage_bip,1200,0.5264058709144592,0.5478754043579102
1,sage_bip,1250,0.5337640047073364,0.5494344234466553
1,sage_bip,1300,0.523475170135498,0.5445614457130432
1,sage_bip,1350,0.5213486552238464,0.5450243949890137
1,sage_bip,1400,0.5201799869537354,0.5435343384742737
1,sage_bip,1450,0.5155935287475586,0.5428784489631653
1,sage_bip,1500,0.5193910598754883,0.5423194169998169
1,sage_bip,1550,0.5185426473617554,0.5407664775848389
1,sage_bip,1600,0.5163938999176025,0.538455069065094
1,sage_bip,1650,0.5135625600814819,0.5411269068717957
1,sage_bip,1700,0.5156466960906982,0.5380207300186157
1,sage_bip,1750,0.5140643119812012,0.5372898578643799
1,sage_bip,1800,0.5174012184143066,0.5406041741371155
1,sage_bip,1850,0.510513961315155,0.5378408432006836
1,sage_bip,1900,0.5120538473129272,0.5347812175750732
1,sage_bip,1950,0.5110512375831604,0.535704493522644
1,sage_bip,2000,0.5101273059844971,0.5335596799850464
1,sage_bip_nopool,50,1.1882758140563965,1.202113151550293
1,sage_bip_nopool,100,0.9404311180114746,0.9603865146636964
1,sage_bip_nopool,150,0.7950257062911987,0.8120949268341064
1,sage_bip_nopool,200,0.711448073387146,0.7294544577598572
1,sage_bip_nopool,250,0.6780573129653931,0.6977617740631104
1,sage_bip_nopool,300,0.6366175413131714,0.6542197465896606
1,sage_bip_nopool,350,0.6421249508857727,0.6739712357521057
1,sage_bip_nopool,400,0.6000692844390869,0.6207916140556335
1,sage_bip_nopool,450,0.5884476900100708,0.6114569902420044
1,sage_bip_nopool,500,0.5821588039398193,0.5998196601867676
1,sage_bip_nopool,550,0.5750073194503784,0.5933904647827148
1,sage_bip_nopool,600,0.5638340711593628,0.584498941898346
1,sage_bip_nopool,650,0.5564359426498413,0.5795003175735474
1,sage_bip_nopool,700,0.5561847686767578,0.5733792781829834
1,sage_bip_nopool,750,0.5572286248207092,0.5715844631195068
1,sage_bip_nopool,800,0.546734094619751,0.5679090023040771
1,sage_bip_nopool,850,0.5590008497238159,0.5932506918907166
1,sage_bip_nopool,900,0.5392826199531555,0.55633544921875
1,sage_bip_nopool,950,0.5386717915534973,0.5529960989952087
1,sage_bip_nopool,1000,0.5481469631195068,0.5613073110580444
1,sage_bip_nopool,1050,0.5276967287063599,0.5481370687484741
1,sage_bip_nopool,1100,0.5308866500854492,0.5475554466247559
1,sage_bip_nopool,1150,0.5309458374977112,0.5466775894165039
1,sage_bip_nopool,1200,0.525594174861908,0.5446923971176147
1,sage_bip_nopool,1250,0.5217527747154236,0.5437517166137695
1,sage_bip_nopool,1300,0.5277467370033264,0.5455105304718018
1,sage_bip_nopool,1350,0.5263769626617432,0.5442848205566406
1,sage_bip_nopool,1400,0.5212084054946899,0.5395961403846741
1,sage_bip_nopool,1450,0.5207679867744446,0.5397943258285522
1,sage_bip_nopool,1500,0.534632682800293,0.5567972660064697
1,sage_bip_nopool,1550,0.5197168588638306,0.5363993644714355
1,sage_bip_nopool,1600,0.5173603296279907,0.536138653755188
1,sage_bip_nopool,1650,0.5151947736740112,0.5364911556243896
1,sage_bip_nopool,1700,0.5314198136329651,0.5370481610298157
1,sage_bip_nopool,1750,0.5192461013793945,0.535161018371582
1,sage_bip_nopool,1800,0.5166288614273071,0.5421154499053955
1,sage_bip_nopool,1850,0.513532817363739,0.5331211090087891
1,sage_bip_nopool,1900,0.519183874130249,0.5387616157531738
1,sage_bip_nopool,1950,0.5149219036102295,0.5334909558296204
1,sage_bip_nopool,2000,0.5175853967666626,0.5362144708633423
1,sage_knn_k5,50,1.268992304801941,1.2979233264923096
1,sage_knn_k5,100,0.970482349395752,0.992075264453888
1,sage_knn_k5,150,0.8105224967002869,0.8346141576766968
1,sage_knn_k5,200,0.7267920970916748,0.7479838728904724
1,sage_knn_k5,250,0.6748889684677124,0.7009499669075012
1,sage_knn_k5,300,0.6433944702148438,0.6643168330192566
1,sage_knn_k5,350,0.6228580474853516,0.6477825045585632
1,sage_knn_k5,400,0.6078824996948242,0.6288027763366699
1,sage_knn_k5,450,0.5932960510253906,0.6280175447463989
1,sage_knn_k5,500,0.5842125415802002,0.6041966080665588
1,sage_knn_k5,550,0.5761164426803589,0.5943681001663208
1,sage_knn_k5,600,0.5666731595993042,0.5883603096008301
1,sage_knn_k5,650,0.5578805208206177,0.5806864500045776
1,sage_knn_k5,700,0.5596593022346497,0.5785645842552185
1,sage_knn_k5,750,0.5645297169685364,0.5788743495941162
1,sage_knn_k5,800,0.5489474534988403,0.5713103413581848
1,sage_knn_k5,850,0.5423048138618469,0.5690960884094238
1,sage_knn_k5,900,0.5463019013404846,0.5659623146057129
1,sage_knn_k5,950,0.5433253049850464,0.5654270648956299
1,sage_knn_k5,1000,0.5440469980239868,0.5611019134521484
1,sage_knn_k5,1050,0.5334604382514954,0.5581285953521729
1,sage_knn_k5,1100,0.5364189147949219,0.5597191452980042
1,sage_knn_k5,1150,0.5331639051437378,0.5579992532730103
1,sage_knn_k5,1200,0.5352689623832703,0.5639193654060364
1,sage_knn_k5,1250,0.5238921642303467,0.5479006767272949
1,sage_knn_k5,1300,0.5273412466049194,0.5499814748764038
1,sage_knn_k5,1350,0.5234954357147217,0.5455583333969116
1,sage_knn_k5,1400,0.5237135887145996,0.5443363785743713
1,sage_knn_k5,1450,0.5230182409286499,0.5475339889526367
1,sage_knn_k5,1500,0.5222986936569214,0.54378342628479
1,sage_knn_k5,1550,0.520265519618988,0.5444533824920654
1,sage_knn_k5,1600,0.5200619697570801,0.5404683351516724
1,sage_knn_k5,1650,0.5185717344284058,0.5453636646270752
1,sage_knn_k5,1700,0.517767608165741,0.5394124984741211
1,sage_knn_k5,1750,0.5168819427490234,0.5396403074264526
1,sage_knn_k5,1800,0.5160735845565796,0.5391435623168945
1,sage_knn_k5,1850,0.5140875577926636,0.5387184619903564
1,sage_knn_k5,1900,0.5157451629638672,0.5379506349563599
1,sage_knn_k5,1950,0.514069139957428,0.5364823341369629
1,sage_knn_k5,2000,0.5138884782791138,0.5353553295135498
1,sage_knn_k20,50,1.2709296941757202,1.306543231010437
1,sage_knn_k20,100,0.97802996635437,1.003577709197998
1,sage_knn_k20,150,0.8269838690757751,0.8541641235351562
1,sage_knn_k20,200,0.7416682839393616,0.762182354927063
1,sage_knn_k20,250,0.6875667572021484,0.7177351713180542
1,sage_knn_k20,300,0.6622476577758789,0.6791393756866455
1,sage_knn_k20,350,0.6308409571647644,0.6552624106407166
1,sage_knn_k20,400,0.630284309387207,0.6522270441055298
1,sage_knn_k20,450,0.5955952405929565,0.6232672929763794
1,sage_knn_k20,500,0.5937666893005371,0.6133792400360107
1,sage_knn_k20,550,0.5807070732116699,0.6024826765060425
1,sage_knn_k20,600,0.57368403673172,0.5961973667144775
1,sage_knn_k20,650,0.5627792477607727,0.5882524251937866
1,sage_knn_k20,700,0.5633634328842163,0.594528317451477
1,sage_knn_k20,750,0.5830191373825073,0.6072734594345093
1,sage_knn_k20,800,0.5577743053436279,0.5893629789352417
1,sage_knn_k20,850,0.5413228273391724,0.5671769976615906
1,sage_knn_k20,900,0.5410716533660889,0.5659443736076355
1,sage_knn_k20,950,0.538150429725647,0.5630393028259277
1,sage_knn_k20,1000,0.53534334897995,0.5594716668128967
1,sage_knn_k20,1050,0.5297356843948364,0.5568163394927979
1,sage_knn_k20,1100,0.5331863164901733,0.5615454912185669
1,sage_knn_k20,1150,0.5438095331192017,0.5729446411132812
1,sage_knn_k20,1200,0.5262755155563354,0.5523420572280884
1,sage_knn_k20,1250,0.5212340354919434,0.5480146408081055
1,sage_knn_k20,1300,0.5250945091247559,0.5513421297073364
1,sage_knn_k20,1350,0.5292503833770752,0.5577661991119385
1,sage_knn_k20,1400,0.520401120185852,0.5488410592079163
1,sage_knn_k20,1450,0.5158310532569885,0.5450815558433533
1,sage_knn_k20,1500,0.5184897184371948,0.5468553900718689
1,sage_knn_k20,1550,0.5170272588729858,0.544467568397522
1,sage_knn_k20,1600,0.5137938261032104,0.5434495806694031
1,sage_knn_k20,1650,0.5107279419898987,0.5398116111755371
1,sage_knn_k20,1700,0.5139309167861938,0.5421370267868042
1,sage_knn_k20,1750,0.5153859257698059,0.5460606813430786
1,sage_knn_k20,1800,0.5271759629249573,0.5512093305587769
1,sage_knn_k20,1850,0.5100641250610352,0.5403686761856079
1,sage_knn_k20,1900,0.51160728931427,0.5421722531318665
1,sage_knn_k20,1950,0.513564944267273,0.5421930551528931
1,sage_knn_k20,2000,0.509401261806488,0.5382728576660156
1,mlp_ae_nomask,50,1.0538302659988403,1.0434502363204956
1,mlp_ae_nomask,100,0.6623029112815857,0.6662325859069824
1,mlp_ae_nomask,150,0.4410449266433716,0.4547207951545715
1,mlp_ae_nomask,200,0.2502191662788391,0.2613041996955871
1,mlp_ae_nomask,250,0.1594300419092178,0.1621763557195663
1,mlp_ae_nomask,300,0.1281101554632187,0.129913717508316
1,mlp_ae_nomask,350,0.0861063748598098,0.0966502279043197
1,mlp_ae_nomask,400,0.071219801902771,0.0799405723810195
1,mlp_ae_nomask,450,0.0749560520052909,0.0871197879314422
1,mlp_ae_nomask,500,0.045431450009346,0.0527135282754898
1,mlp_ae_nomask,550,0.0455379597842693,0.048118632286787
1,mlp_ae_nomask,600,0.0323460400104522,0.0382996648550033
1,mlp_ae_nomask,650,0.1293805837631225,0.1920855194330215
1,mlp_ae_nomask,700,0.0244688875973224,0.0295168701559305
1,mlp_ae_nomask,750,0.0199768655002117,0.0244051646441221
1,mlp_ae_nomask,800,0.0304974019527435,0.0377743653953075
1,mlp_ae_nomask,850,0.0156178465113043,0.0196535401046276
1,mlp_ae_nomask,900,0.0130778448656201,0.0168635472655296
1,mlp_ae_nomask,950,0.0160506814718246,0.0200620349496603
1,mlp_ae_nomask,1000,0.0108764851465821,0.014400677755475
1,mlp_ae_nomask,1050,0.0092443171888589,0.0125185744836926
1,mlp_ae_nomask,1100,0.0204310566186904,0.0246262643486261
1,mlp_ae_nomask,1150,0.0082290256395936,0.0111716305837035
1,mlp_ae_nomask,1200,0.0068001174367964,0.0095373382791876
1,mlp_ae_nomask,1250,0.0058560618199408,0.0083808880299329
1,mlp_ae_nomask,1300,0.0160502903163433,0.0205122828483581
1,mlp_ae_nomask,1350,0.0058921654708683,0.0081905052065849
1,mlp_ae_nomask,1400,0.0047713452950119,0.0068879048340022
1,mlp_ae_nomask,1450,0.0041100969538092,0.0060382541269063
1,mlp_ae_nomask,1500,0.0035953451879322,0.0053653074428439
1,mlp_ae_nomask,1550,0.0224314052611589,0.0096258670091629
1,mlp_ae_nomask,1600,0.0039890422485768,0.0057661128230392
1,mlp_ae_nomask,1650,0.0032084793783724,0.0048175416886806
1,mlp_ae_nomask,1700,0.0027887874748557,0.0042607863433659
1,mlp_ae_nomask,1750,0.002467606216669,0.0038325199857354
1,mlp_ae_nomask,1800,0.005864986218512,0.0100955832749605
1,mlp_ae_nomask,1850,0.0026461323723196,0.0040426040068268
1,mlp_ae_nomask,1900,0.0022055285517126,0.0034548141993582
1,mlp_ae_nomask,1950,0.0019363254541531,0.0030987525824457
1,mlp_ae_nomask,2000,0.0017261079046875,0.0028236974030733
1,sage_selfloop_nomask,50,0.8528261780738831,0.8472009897232056
1,sage_selfloop_nomask,100,0.4725255370140075,0.471693605184555
1,sage_selfloop_nomask,150,0.2619187235832214,0.2821008861064911
1,sage_selfloop_nomask,200,0.1722065955400467,0.1817479878664016
1,sage_selfloop_nomask,250,0.1177216097712516,0.1461770385503769
1,sage_selfloop_nomask,300,0.0790878534317016,0.083417072892189
1,sage_selfloop_nomask,350,0.063664861023426,0.0683527812361717
1,sage_selfloop_nomask,400,0.0543634444475173,0.0628340616822242
1,sage_selfloop_nomask,450,0.0386842563748359,0.0429414547979831
1,sage_selfloop_nomask,500,0.0370675325393676,0.0404746606945991
1,sage_selfloop_nomask,550,0.0258181635290384,0.0298715718090534
1,sage_selfloop_nomask,600,0.0352420508861541,0.0343265011906623
1,sage_selfloop_nomask,650,0.0199160892516374,0.0238343849778175
1,sage_selfloop_nomask,700,0.0163244362920522,0.0200558733195066
1,sage_selfloop_nomask,750,0.0173912551254034,0.0221541207283735
1,sage_selfloop_nomask,800,0.0130944047123193,0.0164526905864477
1,sage_selfloop_nomask,850,0.0169472116976976,0.0826570391654968
1,sage_selfloop_nomask,900,0.0113189769908785,0.014453075826168
1,sage_selfloop_nomask,950,0.0089699644595384,0.0118562970310449
1,sage_selfloop_nomask,1000,0.0268220081925392,0.0343951769173145
1,sage_selfloop_nomask,1050,0.0088783325627446,0.0115003194659948
1,sage_selfloop_nomask,1100,0.007046699989587,0.0095790261402726
1,sage_selfloop_nomask,1150,0.0060179666616022,0.0084618330001831
1,sage_selfloop_nomask,1200,0.0173449590802192,0.0240065120160579
1,sage_selfloop_nomask,1250,0.0061265560798347,0.0085323713719844
1,sage_selfloop_nomask,1300,0.0048922752030193,0.0071899532340466
1,sage_selfloop_nomask,1350,0.0041870977729558,0.0063627259805798
1,sage_selfloop_nomask,1400,0.0109448842704296,0.0110829081386327
1,sage_selfloop_nomask,1450,0.0044049662537872,0.00645816558972
1,sage_selfloop_nomask,1500,0.0036068484187126,0.0055032861419022
1,sage_selfloop_nomask,1550,0.0031079223845154,0.0048747593536973
1,sage_selfloop_nomask,1600,0.0060645290650427,0.0084839928895235
1,sage_selfloop_nomask,1650,0.003271504305303,0.0049958350136876
1,sage_selfloop_nomask,1700,0.0027089151553809,0.004336136393249
1,sage_selfloop_nomask,1750,0.0023411056026816,0.0039106323383748
1,sage_selfloop_nomask,1800,0.0235137157142162,0.0101573280990123
1,sage_selfloop_nomask,1850,0.0030988082289695,0.0046810656785964
1,sage_selfloop_nomask,1900,0.0022522241342812,0.0038359356112778
1,sage_selfloop_nomask,1950,0.0018847931642085,0.0034233573824167
1,sage_selfloop_nomask,2000,0.0016206509899348,0.0031364853493869
1,sage_rand_nomask,50,1.0123943090438845,1.009598731994629
1,sage_rand_nomask,100,0.6587755084037781,0.6621771454811096
1,sage_rand_nomask,150,0.4935571551322937,0.5090401768684387
1,sage_rand_nomask,200,0.3546883761882782,0.3598740994930267
1,sage_rand_nomask,250,0.2245230972766876,0.230168417096138
1,sage_rand_nomask,300,0.1683588027954101,0.1781555414199829
1,sage_rand_nomask,350,0.1361769437789917,0.1446649432182312
1,sage_rand_nomask,400,0.1155876368284225,0.1303108781576156
1,sage_rand_nomask,450,0.083486258983612,0.0925049856305122
1,sage_rand_nomask,500,0.078877106308937,0.0884058475494384
1,sage_rand_nomask,550,0.0536316037178039,0.0607672221958637
1,sage_rand_nomask,600,0.0467706471681594,0.052195705473423
1,sage_rand_nomask,650,0.0491974279284477,0.0651466399431228
1,sage_rand_nomask,700,0.0327197313308715,0.038867000490427
1,sage_rand_nomask,750,0.066619724035263,0.0826027244329452
1,sage_rand_nomask,800,0.0240955762565135,0.0297959726303815
1,sage_rand_nomask,850,0.0304698906838893,0.031937226653099
1,sage_rand_nomask,900,0.0184644181281328,0.0232693180441856
1,sage_rand_nomask,950,0.0212646201252937,0.0239082276821136
1,sage_rand_nomask,1000,0.0145757757127285,0.0188898183405399
1,sage_rand_nomask,1050,0.0716724097728729,0.0508224815130233
1,sage_rand_nomask,1100,0.0123088071122765,0.0161053426563739
1,sage_rand_nomask,1150,0.0098102642223238,0.0135921845212578
1,sage_rand_nomask,1200,0.0120011828839778,0.0146921342238783
1,sage_rand_nomask,1250,0.0082249427214264,0.0118089141324162
1,sage_rand_nomask,1300,0.0187916010618209,0.0260576084256172
1,sage_rand_nomask,1350,0.0079924874007701,0.0115655111148953
1,sage_rand_nomask,1400,0.0066633196547627,0.0100780362263321
1,sage_rand_nomask,1450,0.0178708899766206,0.0168460551649332
1,sage_rand_nomask,1500,0.0063634905964136,0.0097104869782924
1,sage_rand_nomask,1550,0.0053250575438141,0.0086382776498794
1,sage_rand_nomask,1600,0.0053389030508697,0.0094461310654878
1,sage_rand_nomask,1650,0.0066653727553784,0.0095874387770891
1,sage_rand_nomask,1700,0.0045288358815014,0.0077462489716708
1,sage_rand_nomask,1750,0.0039346748962998,0.0070976875722408
1,sage_rand_nomask,1800,0.0097094001248478,0.0131809506565332
1,sage_rand_nomask,1850,0.0042415386997163,0.0074188848957419
1,sage_rand_nomask,1900,0.0035561684053391,0.0066698337905108
1,sage_rand_nomask,1950,0.0816811621189117,0.1588527411222458
1,sage_rand_nomask,2000,0.0049154963344335,0.0079327197745442
1,sage_knn_nomask,50,0.901158094406128,0.8960049152374268
1,sage_knn_nomask,100,0.5629148483276367,0.5681123733520508
1,sage_knn_nomask,150,0.3573796153068542,0.3684932291507721
1,sage_knn_nomask,200,0.2437650561332702,0.2513492405414581
1,sage_knn_nomask,250,0.1894467920064926,0.1973388791084289
1,sage_knn_nomask,300,0.1504790931940078,0.1591716557741165
1,sage_knn_nomask,350,0.1472969353199005,0.1303496956825256
1,sage_knn_nomask,400,0.0929734632372856,0.0998622998595237
1,sage_knn_nomask,450,0.0840270519256591,0.0915741026401519
1,sage_knn_nomask,500,0.064244121313095,0.0709374696016311
1,sage_knn_nomask,550,0.0542271994054317,0.0611464828252792
1,sage_knn_nomask,600,0.0579015538096427,0.0570280402898788
1,sage_knn_nomask,650,0.0333477780222892,0.0388107486069202
1,sage_knn_nomask,700,0.0973292142152786,0.2068486660718917
1,sage_knn_nomask,750,0.0248586609959602,0.0288634449243545
1,sage_knn_nomask,800,0.0182375218719244,0.0225112531334161
1,sage_knn_nomask,850,0.0241490453481674,0.0273347087204456
1,sage_knn_nomask,900,0.0137689765542745,0.0176913551986217
1,sage_knn_nomask,950,0.0112153282389044,0.0148933101445436
1,sage_knn_nomask,1000,0.0172537919133901,0.0199385657906532
1,sage_knn_nomask,1050,0.0095983408391475,0.013087703846395
1,sage_knn_nomask,1100,0.0078158611431717,0.0111680403351783
1,sage_knn_nomask,1150,0.0971902757883071,0.0282304473221302
1,sage_knn_nomask,1200,0.0077979103662073,0.0113992951810359
1,sage_knn_nomask,1250,0.0059316838160157,0.0089868959039449
1,sage_knn_nomask,1300,0.004995509982109,0.0079290624707937
1,sage_knn_nomask,1350,0.0222973302006721,0.0113180968910455
1,sage_knn_nomask,1400,0.0048575685359537,0.0077239237725734
1,sage_knn_nomask,1450,0.0039298376068472,0.0066619706340134
1,sage_knn_nomask,1500,0.04546969383955,0.0602022819221019
1,sage_knn_nomask,1550,0.0048747900873422,0.0075728306546807
1,sage_knn_nomask,1600,0.0034447193611413,0.0059765088371932
1,sage_knn_nomask,1650,0.0029192804358899,0.0053719761781394
1,sage_knn_nomask,1700,0.002564862370491,0.004981973208487
1,sage_knn_nomask,1750,0.0059584705159068,0.007700003683567
1,sage_knn_nomask,1800,0.0028478077147156,0.0052524683997035
1,sage_knn_nomask,1850,0.0023549548350274,0.0046981070190668
1,sage_knn_nomask,1900,0.002045284025371,0.0043522669002413
1,sage_knn_nomask,1950,0.0484604835510253,0.1005183309316635
1,sage_knn_nomask,2000,0.0031318755354732,0.0055792480707168
1,mlp_ae_lr2x,50,1.1830919981002808,1.1904085874557495
1,mlp_ae_lr2x,100,0.910813808441162,0.9278825521469116
1,mlp_ae_lr2x,150,0.745488166809082,0.7621474266052246
1,mlp_ae_lr2x,200,0.6688191890716553,0.6852991580963135
1,mlp_ae_lr2x,250,0.6229674816131592,0.6339516639709473
1,mlp_ae_lr2x,300,0.5808292627334595,0.6030465960502625
1,mlp_ae_lr2x,350,0.5626811981201172,0.5797662138938904
1,mlp_ae_lr2x,400,0.5519391298294067,0.570720911026001
1,mlp_ae_lr2x,450,0.544559121131897,0.5633020401000977
1,mlp_ae_lr2x,500,0.5404122471809387,0.5573412775993347
1,mlp_ae_lr2x,550,0.5362662076950073,0.5573084354400635
1,mlp_ae_lr2x,600,0.5391734838485718,0.5656934976577759
1,mlp_ae_lr2x,650,0.5275336503982544,0.5498708486557007
1,mlp_ae_lr2x,700,0.5322394371032715,0.5552836656570435
1,mlp_ae_lr2x,750,0.522545337677002,0.5427550077438354
1,mlp_ae_lr2x,800,0.5177476406097412,0.5396103858947754
1,mlp_ae_lr2x,850,0.5176215767860413,0.5388708114624023
1,mlp_ae_lr2x,900,0.5173029899597168,0.5360912084579468
1,mlp_ae_lr2x,950,0.5159856081008911,0.5372247695922852
1,mlp_ae_lr2x,1000,0.513468861579895,0.5360653400421143
1,mlp_ae_lr2x,1050,0.5110903978347778,0.533245861530304
1,mlp_ae_lr2x,1100,0.5152146816253662,0.5343450307846069
1,mlp_ae_lr2x,1150,0.5113821029663086,0.5331119298934937
1,mlp_ae_lr2x,1200,0.5125889778137207,0.5359148383140564
1,mlp_ae_lr2x,1250,0.5073904395103455,0.5302447080612183
1,mlp_ae_lr2x,1300,0.5148745775222778,0.5339950323104858
1,mlp_ae_lr2x,1350,0.5069294571876526,0.5281339883804321
1,mlp_ae_lr2x,1400,0.50548255443573,0.5277844667434692
1,mlp_ae_lr2x,1450,0.5115044116973877,0.5298190116882324
1,mlp_ae_lr2x,1500,0.5078333616256714,0.5287259817123413
1,mlp_ae_lr2x,1550,0.5042977929115295,0.5268291234970093
1,mlp_ae_lr2x,1600,0.5034620761871338,0.5253684520721436
1,mlp_ae_lr2x,1650,0.5019145607948303,0.5263799428939819
1,mlp_ae_lr2x,1700,0.503387451171875,0.5245834589004517
1,mlp_ae_lr2x,1750,0.5030333399772644,0.5239813327789307
1,mlp_ae_lr2x,1800,0.502333402633667,0.5263868570327759
1,mlp_ae_lr2x,1850,0.5010792016983032,0.5249840617179871
1,mlp_ae_lr2x,1900,0.5027797222137451,0.5244989395141602
1,mlp_ae_lr2x,1950,0.5032631158828735,0.5227270126342773
1,mlp_ae_lr2x,2000,0.50114905834198,0.5254021883010864
1,sage_knn_cleannbr,50,0.9945778250694276,1.035642385482788
1,sage_knn_cleannbr,100,0.6554225087165833,0.7103818655014038
1,sage_knn_cleannbr,150,0.4692646265029907,0.5476737022399902
1,sage_knn_cleannbr,200,0.3633414804935455,0.4448700845241546
1,sage_knn_cleannbr,250,0.298922061920166,0.3646436333656311
1,sage_knn_cleannbr,300,0.2534261047840118,0.3204805850982666
1,sage_knn_cleannbr,350,0.2159010618925094,0.2790680527687073
1,sage_knn_cleannbr,400,0.2768104374408722,0.335974633693695
1,sage_knn_cleannbr,450,0.1689564436674118,0.2303024232387542
1,sage_knn_cleannbr,500,0.1572480201721191,0.2133022248744964
1,sage_knn_cleannbr,550,0.152046337723732,0.1982999444007873
1,sage_knn_cleannbr,600,0.1386120319366455,0.1913104653358459
1,sage_knn_cleannbr,650,0.15158511698246,0.2195826470851898
1,sage_knn_cleannbr,700,0.1261633783578872,0.1731445044279098
1,sage_knn_cleannbr,750,0.1263225823640823,0.1666348576545715
1,sage_knn_cleannbr,800,0.1214239373803138,0.167191281914711
1,sage_knn_cleannbr,850,0.1192016899585723,0.1606703698635101
1,sage_knn_cleannbr,900,0.1315550804138183,0.1760087460279464
1,sage_knn_cleannbr,950,0.1098697930574417,0.1469890177249908
1,sage_knn_cleannbr,1000,0.108971282839775,0.1515984833240509
1,sage_knn_cleannbr,1050,0.1031669899821281,0.1405076086521148
1,sage_knn_cleannbr,1100,0.103315956890583,0.1351852416992187
1,sage_knn_cleannbr,1150,0.1030448824167251,0.1333485543727874
1,sage_knn_cleannbr,1200,0.0986610874533653,0.1330650597810745
1,sage_knn_cleannbr,1250,0.1042257472872734,0.1354351341724395
1,sage_knn_cleannbr,1300,0.1141961812973022,0.1510953158140182
1,sage_knn_cleannbr,1350,0.0969084426760673,0.1227462217211723
1,sage_knn_cleannbr,1400,0.0934659764170646,0.1203841939568519
1,sage_knn_cleannbr,1450,0.0919096022844314,0.1210242286324501
1,sage_knn_cleannbr,1500,0.0879153534770011,0.1123476028442382
1,sage_knn_cleannbr,1550,0.0871670842170715,0.1096338182687759
1,sage_knn_cleannbr,1600,0.0870419293642044,0.1094632297754287
1,sage_knn_cleannbr,1650,0.0839260593056678,0.1037831977009773
1,sage_knn_cleannbr,1700,0.0823534876108169,0.100266695022583
1,sage_knn_cleannbr,1750,0.0813275203108787,0.0981319099664688
1,sage_knn_cleannbr,1800,0.0865173637866973,0.0999136567115783
1,sage_knn_cleannbr,1850,0.076868936419487,0.091811828315258
1,sage_knn_cleannbr,1900,0.0781174376606941,0.0896986722946167
1,sage_knn_cleannbr,1950,0.0799364149570465,0.0913507863879203
1,sage_knn_cleannbr,2000,0.0808634459972381,0.0900872945785522
2,mlp_ae,50,1.3348321914672852,1.332012414932251
2,mlp_ae,100,1.0406209230422974,1.0390664339065552
2,mlp_ae,150,0.8887754082679749,0.8931280970573425
2,mlp_ae,200,0.7792578935623169,0.7894635200500488
2,mlp_ae,250,0.7219129800796509,0.7350208163261414
2,mlp_ae,300,0.68329918384552,0.6850346326828003
2,mlp_ae,350,0.6444447040557861,0.6526318192481995
2,mlp_ae,400,0.6240665912628174,0.6324000358581543
2,mlp_ae,450,0.6095595359802246,0.6189948320388794
2,mlp_ae,500,0.6054685115814209,0.6037981510162354
2,mlp_ae,550,0.5888775587081909,0.5945037603378296
2,mlp_ae,600,0.5816407203674316,0.5943735241889954
2,mlp_ae,650,0.5728759169578552,0.5825141072273254
2,mlp_ae,700,0.5814915895462036,0.5795164108276367
2,mlp_ae,750,0.5664652585983276,0.5735331177711487
2,mlp_ae,800,0.5631228685379028,0.5739171504974365
2,mlp_ae,850,0.5564273595809937,0.567491888999939
2,mlp_ae,900,0.5646228790283203,0.5647001266479492
2,mlp_ae,950,0.5544145703315735,0.5633398294448853
2,mlp_ae,1000,0.551579475402832,0.5577982068061829
2,mlp_ae,1050,0.5463893413543701,0.5556726455688477
2,mlp_ae,1100,0.5559055805206299,0.5550495386123657
2,mlp_ae,1150,0.5443286299705505,0.5520573258399963
2,mlp_ae,1200,0.5436060428619385,0.5505183935165405
2,mlp_ae,1250,0.5399695038795471,0.5492508411407471
2,mlp_ae,1300,0.5485400557518005,0.5499786138534546
2,mlp_ae,1350,0.5371072292327881,0.5461350083351135
2,mlp_ae,1400,0.5376907587051392,0.5467299222946167
2,mlp_ae,1450,0.5330754518508911,0.5430095791816711
2,mlp_ae,1500,0.544167160987854,0.5423388481140137
2,mlp_ae,1550,0.5366570353507996,0.5434465408325195
2,mlp_ae,1600,0.5349728465080261,0.5422556400299072
2,mlp_ae,1650,0.5403420925140381,0.5537415742874146
2,mlp_ae,1700,0.5376273989677429,0.5376204252243042
2,mlp_ae,1750,0.5294597148895264,0.5367515087127686
2,mlp_ae,1800,0.5285807847976685,0.5365668535232544
2,mlp_ae,1850,0.5279208421707153,0.5377324819564819
2,mlp_ae,1900,0.5388963222503662,0.5419937372207642
2,mlp_ae,1950,0.5258773565292358,0.53302001953125
2,mlp_ae,2000,0.5259451866149902,0.5334932804107666
2,sage_selfloop,50,1.2366787195205688,1.2310066223144531
2,sage_selfloop,100,0.9344791769981384,0.9342266321182252
2,sage_selfloop,150,0.7746057510375977,0.7756432294845581
2,sage_selfloop,200,0.6977823972702026,0.7070235013961792
2,sage_selfloop,250,0.6389743089675903,0.647768497467041
2,sage_selfloop,300,0.6146683692932129,0.6185786724090576
2,sage_selfloop,350,0.5967320203781128,0.6051425933837891
2,sage_selfloop,400,0.5899196863174438,0.5989182591438293
2,sage_selfloop,450,0.5760086178779602,0.5864320993423462
2,sage_selfloop,500,0.5793514847755432,0.5839806795120239
2,sage_selfloop,550,0.5718330144882202,0.5776344537734985
2,sage_selfloop,600,0.5706331729888916,0.5827857255935669
2,sage_selfloop,650,0.5629947781562805,0.5739389657974243
2,sage_selfloop,700,0.5624291896820068,0.5680863261222839
2,sage_selfloop,750,0.5515881776809692,0.565751314163208
2,sage_selfloop,800,0.5454334020614624,0.5581884384155273
2,sage_selfloop,850,0.5372933745384216,0.5516934394836426
2,sage_selfloop,900,0.5428314805030823,0.5474348068237305
2,sage_selfloop,950,0.5343981385231018,0.5456899404525757
2,sage_selfloop,1000,0.5343799591064453,0.5434505939483643
2,sage_selfloop,1050,0.5295253396034241,0.5431084632873535
2,sage_selfloop,1100,0.53477942943573,0.5409282445907593
2,sage_selfloop,1150,0.5254740715026855,0.537875771522522
2,sage_selfloop,1200,0.5273796319961548,0.5372212529182434
2,sage_selfloop,1250,0.5243849754333496,0.5404274463653564
2,sage_selfloop,1300,0.5284269452095032,0.5323758125305176
2,sage_selfloop,1350,0.5208441615104675,0.5313921570777893
2,sage_selfloop,1400,0.5201998353004456,0.530003011226654
2,sage_selfloop,1450,0.5157959461212158,0.5292536020278931
2,sage_selfloop,1500,0.5290617942810059,0.5279762744903564
2,sage_selfloop,1550,0.519507646560669,0.5291860699653625
2,sage_selfloop,1600,0.5188373327255249,0.5295119881629944
2,sage_selfloop,1650,0.5129443407058716,0.5286605358123779
2,sage_selfloop,1700,0.5209441184997559,0.5248630046844482
2,sage_selfloop,1750,0.5135458707809448,0.5246718525886536
2,sage_selfloop,1800,0.5166362524032593,0.5267398357391357
2,sage_selfloop,1850,0.5088818073272705,0.5229625105857849
2,sage_selfloop,1900,0.5204601287841797,0.526799201965332
2,sage_selfloop,1950,0.5140885710716248,0.5275981426239014
2,sage_selfloop,2000,0.5115426778793335,0.5205491781234741
2,sage_rand,50,1.4008841514587402,1.3902599811553955
2,sage_rand,100,1.0877563953399658,1.082239866256714
2,sage_rand,150,0.9402692914009094,0.941179096698761
2,sage_rand,200,0.811661958694458,0.8293266296386719
2,sage_rand,250,0.758010983467102,0.7691446542739868
2,sage_rand,300,0.7211266756057739,0.7271285057067871
2,sage_rand,350,0.6927761435508728,0.7077409029006958
2,sage_rand,400,0.6651246547698975,0.6789711713790894
2,sage_rand,450,0.6372323036193848,0.6590222120285034
2,sage_rand,500,0.6303257942199707,0.6391971707344055
2,sage_rand,550,0.6081695556640625,0.6256306171417236
2,sage_rand,600,0.5906112194061279,0.6064386367797852
2,sage_rand,650,0.5785369873046875,0.5988130569458008
2,sage_rand,700,0.580713152885437,0.5862405300140381
2,sage_rand,750,0.5668560266494751,0.5843456983566284
2,sage_rand,800,0.5855922698974609,0.5849047899246216
2,sage_rand,850,0.5550775527954102,0.5716882348060608
2,sage_rand,900,0.5630389451980591,0.5686290264129639
2,sage_rand,950,0.5528180599212646,0.5688060522079468
2,sage_rand,1000,0.5503079891204834,0.5635865926742554
2,sage_rand,1050,0.5444408655166626,0.5610023736953735
2,sage_rand,1100,0.5510283708572388,0.5617415308952332
2,sage_rand,1150,0.5431511402130127,0.5615652203559875
2,sage_rand,1200,0.5403711795806885,0.5562356114387512
2,sage_rand,1250,0.5377155542373657,0.5571902990341187
2,sage_rand,1300,0.5476565957069397,0.5563710331916809
2,sage_rand,1350,0.5366202592849731,0.5558050870895386
2,sage_rand,1400,0.5352545976638794,0.5521832704544067
2,sage_rand,1450,0.5368571877479553,0.5492957830429077
2,sage_rand,1500,0.5403057932853699,0.5555303692817688
2,sage_rand,1550,0.5325742959976196,0.5496752262115479
2,sage_rand,1600,0.5323728919029236,0.5487914085388184
2,sage_rand,1650,0.5311129689216614,0.5546339750289917
2,sage_rand,1700,0.5374350547790527,0.5493637323379517
2,sage_rand,1750,0.5312788486480713,0.5530166625976562
2,sage_rand,1800,0.5292654037475586,0.5467022061347961
2,sage_rand,1850,0.5292975306510925,0.5543333292007446
2,sage_rand,1900,0.5370674133300781,0.5513614416122437
2,sage_rand,1950,0.5284633636474609,0.5525329113006592
2,sage_rand,2000,0.5268551111221313,0.5461688041687012
2,sage_knn,50,1.3069347143173218,1.3320072889328003
2,sage_knn,100,1.02978515625,1.042321801185608
2,sage_knn,150,0.8568944931030273,0.8887585401535034
2,sage_knn,200,0.7565528154373169,0.7781068682670593
2,sage_knn,250,0.712181806564331,0.7252888679504395
2,sage_knn,300,0.6804088354110718,0.6933839321136475
2,sage_knn,350,0.645988941192627,0.6650533080101013
2,sage_knn,400,0.6438007354736328,0.663273811340332
2,sage_knn,450,0.6116534471511841,0.6413935422897339
2,sage_knn,500,0.6057385206222534,0.6137301921844482
2,sage_knn,550,0.5881341695785522,0.6019719839096069
2,sage_knn,600,0.5824574828147888,0.5944677591323853
2,sage_knn,650,0.5730342268943787,0.5910244584083557
2,sage_knn,700,0.5787004232406616,0.5847855806350708
2,sage_knn,750,0.5625847578048706,0.576992928981781
2,sage_knn,800,0.5597411394119263,0.5731770992279053
2,sage_knn,850,0.5581202507019043,0.5726931691169739
2,sage_knn,900,0.5646917223930359,0.5706908702850342
2,sage_knn,950,0.5490570664405823,0.5619060397148132
2,sage_knn,1000,0.5451079607009888,0.5592926144599915
2,sage_knn,1050,0.5424267053604126,0.5570902824401855
2,sage_knn,1100,0.5469828844070435,0.5556885004043579
2,sage_knn,1150,0.5374042987823486,0.5507861971855164
2,sage_knn,1200,0.5364820957183838,0.5484042167663574
2,sage_knn,1250,0.5332958698272705,0.5482114553451538
2,sage_knn,1300,0.5387457609176636,0.5470908880233765
2,sage_knn,1350,0.5303342938423157,0.5467655658721924
2,sage_knn,1400,0.5338865518569946,0.5492294430732727
2,sage_knn,1450,0.5286046266555786,0.5440280437469482
2,sage_knn,1500,0.5346361398696899,0.5446543097496033
2,sage_knn,1550,0.5265733599662781,0.5408081412315369
2,sage_knn,1600,0.5293960571289062,0.5445161461830139
2,sage_knn,1650,0.5202959775924683,0.5361011028289795
2,sage_knn,1700,0.5316396355628967,0.5422859191894531
2,sage_knn,1750,0.5382404327392578,0.5646013021469116
2,sage_knn,1800,0.5224956274032593,0.5341131687164307
2,sage_knn,1850,0.5160964727401733,0.5329712629318237
2,sage_knn,1900,0.527854323387146,0.5369882583618164
2,sage_knn,1950,0.517609715461731,0.5341156721115112
2,sage_knn,2000,0.5208656787872314,0.5333917140960693
2,sage_bip,50,1.1952530145645142,1.1924912929534912
2,sage_bip,100,0.9652879238128662,0.96681547164917
2,sage_bip,150,0.797916054725647,0.8076887130737305
2,sage_bip,200,0.7094173431396484,0.7179617881774902
2,sage_bip,250,0.649833083152771,0.664919376373291
2,sage_bip,300,0.631568193435669,0.6388534307479858
2,sage_bip,350,0.602557897567749,0.6124660968780518
2,sage_bip,400,0.5854871869087219,0.5926189422607422
2,sage_bip,450,0.5742310285568237,0.5843594074249268
2,sage_bip,500,0.5792703628540039,0.5838888883590698
2,sage_bip,550,0.5637915134429932,0.5695710778236389
2,sage_bip,600,0.5607715845108032,0.5704562664031982
2,sage_bip,650,0.551239013671875,0.5636097192764282
2,sage_bip,700,0.5584381818771362,0.56102454662323
2,sage_bip,750,0.5440574884414673,0.5522415041923523
2,sage_bip,800,0.5437921285629272,0.5501783490180969
2,sage_bip,850,0.5383028388023376,0.5493716597557068
2,sage_bip,900,0.5523212552070618,0.552670955657959
2,sage_bip,950,0.5355294942855835,0.5437092781066895
2,sage_bip,1000,0.5405930280685425,0.5470314621925354
2,sage_bip,1050,0.5339818000793457,0.5476054549217224
2,sage_bip,1100,0.5461857318878174,0.5470056533813477
2,sage_bip,1150,0.5309464335441589,0.5411134958267212
2,sage_bip,1200,0.5304117202758789,0.53962242603302
2,sage_bip,1250,0.53217613697052,0.5433791279792786
2,sage_bip,1300,0.5378543138504028,0.5390926599502563
2,sage_bip,1350,0.5256990194320679,0.538236141204834
2,sage_bip,1400,0.5300462245941162,0.5437107086181641
2,sage_bip,1450,0.5251126885414124,0.5354340076446533
2,sage_bip,1500,0.5346173048019409,0.5357881188392639
2,sage_bip,1550,0.5225867629051208,0.5352423191070557
2,sage_bip,1600,0.5246692895889282,0.5377415418624878
2,sage_bip,1650,0.5223678350448608,0.5325307846069336
2,sage_bip,1700,0.5323368906974792,0.5342570543289185
2,sage_bip,1750,0.5222780108451843,0.5318586826324463
2,sage_bip,1800,0.5221610069274902,0.5342720746994019
2,sage_bip,1850,0.5320247411727905,0.5374653935432434
2,sage_bip,1900,0.5283176898956299,0.5295442342758179
2,sage_bip,1950,0.5182026624679565,0.5321147441864014
2,sage_bip,2000,0.5179443359375,0.5302059054374695
2,sage_bip_nopool,50,1.1906627416610718,1.185697317123413
2,sage_bip_nopool,100,0.9507230520248412,0.9475233554840088
2,sage_bip_nopool,150,0.8017839193344116,0.8086347579956055
2,sage_bip_nopool,200,0.716483473777771,0.7207575440406799
2,sage_bip_nopool,250,0.6568324565887451,0.6713212132453918
2,sage_bip_nopool,300,0.6331195831298828,0.6347853541374207
2,sage_bip_nopool,350,0.6084364652633667,0.6152575016021729
2,sage_bip_nopool,400,0.5889892578125,0.5936620235443115
2,sage_bip_nopool,450,0.5834167003631592,0.582912802696228
2,sage_bip_nopool,500,0.5771815180778503,0.5736308693885803
2,sage_bip_nopool,550,0.5635007619857788,0.571799099445343
2,sage_bip_nopool,600,0.5548937320709229,0.562975287437439
2,sage_bip_nopool,650,0.5546854138374329,0.5651865601539612
2,sage_bip_nopool,700,0.5540353059768677,0.556367814540863
2,sage_bip_nopool,750,0.5698429346084595,0.557620644569397
2,sage_bip_nopool,800,0.539731502532959,0.54658043384552
2,sage_bip_nopool,850,0.5331772565841675,0.5475335121154785
2,sage_bip_nopool,900,0.5525171756744385,0.5484850406646729
2,sage_bip_nopool,950,0.5325340032577515,0.5411121249198914
2,sage_bip_nopool,1000,0.5319647192955017,0.5390335321426392
2,sage_bip_nopool,1050,0.5241378545761108,0.5370074510574341
2,sage_bip_nopool,1100,0.5362204313278198,0.5339220762252808
2,sage_bip_nopool,1150,0.5229878425598145,0.5339882373809814
2,sage_bip_nopool,1200,0.5264347791671753,0.5325877666473389
2,sage_bip_nopool,1250,0.5261839628219604,0.5420258045196533
2,sage_bip_nopool,1300,0.5348833799362183,0.5332937240600586
2,sage_bip_nopool,1350,0.5202780365943909,0.5286241173744202
2,sage_bip_nopool,1400,0.5203016996383667,0.5250176787376404
2,sage_bip_nopool,1450,0.5194565057754517,0.5267502665519714
2,sage_bip_nopool,1500,0.526564359664917,0.524874210357666
2,sage_bip_nopool,1550,0.5152058005332947,0.523735761642456
2,sage_bip_nopool,1600,0.520838737487793,0.5270635485649109
2,sage_bip_nopool,1650,0.5129063725471497,0.5238946676254272
2,sage_bip_nopool,1700,0.522809624671936,0.5219768285751343
2,sage_bip_nopool,1750,0.5189144611358643,0.5238347053527832
2,sage_bip_nopool,1800,0.5187044143676758,0.5245290994644165
2,sage_bip_nopool,1850,0.511039137840271,0.5205848813056946
2,sage_bip_nopool,1900,0.5223311185836792,0.5233960151672363
2,sage_bip_nopool,1950,0.5104453563690186,0.5192742347717285
2,sage_bip_nopool,2000,0.5156915783882141,0.5237088799476624
2,sage_knn_k5,50,1.3090109825134275,1.3323546648025513
2,sage_knn_k5,100,1.0294253826141355,1.0337364673614502
2,sage_knn_k5,150,0.857812225818634,0.8785422444343567
2,sage_knn_k5,200,0.7596372365951538,0.781380832195282
2,sage_knn_k5,250,0.7032088041305542,0.7292975187301636
2,sage_knn_k5,300,0.6730458736419678,0.6851113438606262
2,sage_knn_k5,350,0.6390320062637329,0.6583544015884399
2,sage_knn_k5,400,0.6239307522773743,0.6373261213302612
2,sage_knn_k5,450,0.6085164546966553,0.6217937469482422
2,sage_knn_k5,500,0.6090834736824036,0.6116563081741333
2,sage_knn_k5,550,0.5900542736053467,0.6027247309684753
2,sage_knn_k5,600,0.5828023552894592,0.5941844582557678
2,sage_knn_k5,650,0.5746593475341797,0.5880261063575745
2,sage_knn_k5,700,0.5773155689239502,0.5852326154708862
2,sage_knn_k5,750,0.5613722205162048,0.5753644704818726
2,sage_knn_k5,800,0.5628659129142761,0.5791324377059937
2,sage_knn_k5,850,0.5537923574447632,0.5689854025840759
2,sage_knn_k5,900,0.559399425983429,0.5662708282470703
2,sage_knn_k5,950,0.5479243993759155,0.5612765550613403
2,sage_knn_k5,1000,0.5481727719306946,0.5653518438339233
2,sage_knn_k5,1050,0.5416419506072998,0.556672990322113
2,sage_knn_k5,1100,0.5506374835968018,0.5559639930725098
2,sage_knn_k5,1150,0.5413185954093933,0.553072452545166
2,sage_knn_k5,1200,0.5426836013793945,0.5571153163909912
2,sage_knn_k5,1250,0.5342051982879639,0.5527923703193665
2,sage_knn_k5,1300,0.5418524742126465,0.5472573637962341
2,sage_knn_k5,1350,0.5321546792984009,0.5467287302017212
2,sage_knn_k5,1400,0.5348042249679565,0.5479615926742554
2,sage_knn_k5,1450,0.5297644734382629,0.5484641790390015
2,sage_knn_k5,1500,0.5593389868736267,0.5603066682815552
2,sage_knn_k5,1550,0.5268040895462036,0.5425118803977966
2,sage_knn_k5,1600,0.5316867828369141,0.5435221195220947
2,sage_knn_k5,1650,0.5321946144104004,0.5438107252120972
2,sage_knn_k5,1700,0.5345988273620605,0.5388665199279785
2,sage_knn_k5,1750,0.5263330936431885,0.5395063161849976
2,sage_knn_k5,1800,0.5274018049240112,0.5397413969039917
2,sage_knn_k5,1850,0.521900475025177,0.5383626222610474
2,sage_knn_k5,1900,0.5302855968475342,0.5377882719039917
2,sage_knn_k5,1950,0.5233954191207886,0.536685585975647
2,sage_knn_k5,2000,0.5225043296813965,0.5367130637168884
2,sage_knn_k20,50,1.3154922723770142,1.342853307723999
2,sage_knn_k20,100,1.0377228260040283,1.0483729839324951
2,sage_knn_k20,150,0.8611642718315125,0.883068323135376
2,sage_knn_k20,200,0.7623211145401001,0.781170129776001
2,sage_knn_k20,250,0.7034966349601746,0.7280632257461548
2,sage_knn_k20,300,0.6818206906318665,0.693859338760376
2,sage_knn_k20,350,0.6635515689849854,0.6715521812438965
2,sage_knn_k20,400,0.6362454891204834,0.6530203223228455
2,sage_knn_k20,450,0.6155706644058228,0.6370382308959961
2,sage_knn_k20,500,0.6182440519332886,0.6269882917404175
2,sage_knn_k20,550,0.6006894111633301,0.6195822954177856
2,sage_knn_k20,600,0.592644214630127,0.6090654134750366
2,sage_knn_k20,650,0.5838817358016968,0.6036278009414673
2,sage_knn_k20,700,0.5867938995361328,0.5971258878707886
2,sage_knn_k20,750,0.5747936964035034,0.592684805393219
2,sage_knn_k20,800,0.5777136087417603,0.5968285799026489
2,sage_knn_k20,850,0.5681084394454956,0.5792539715766907
2,sage_knn_k20,900,0.5808694362640381,0.602901041507721
2,sage_knn_k20,950,0.556372344493866,0.5734375715255737
2,sage_knn_k20,1000,0.551827073097229,0.5677028298377991
2,sage_knn_k20,1050,0.5471662282943726,0.5708221793174744
2,sage_knn_k20,1100,0.5525583028793335,0.5654120445251465
2,sage_knn_k20,1150,0.5444629788398743,0.560846209526062
2,sage_knn_k20,1200,0.5463607311248779,0.5599373579025269
2,sage_knn_k20,1250,0.5392128229141235,0.5644014477729797
2,sage_knn_k20,1300,0.5468180775642395,0.559364378452301
2,sage_knn_k20,1350,0.5444857478141785,0.5579482316970825
2,sage_knn_k20,1400,0.5370728373527527,0.5553514361381531
2,sage_knn_k20,1450,0.5418348908424377,0.5652575492858887
2,sage_knn_k20,1500,0.5378360748291016,0.5478209257125854
2,sage_knn_k20,1550,0.5318948030471802,0.5509960651397705
2,sage_knn_k20,1600,0.5327045917510986,0.5487401485443115
2,sage_knn_k20,1650,0.5348852872848511,0.5521641969680786
2,sage_knn_k20,1700,0.5372804999351501,0.5521939992904663
2,sage_knn_k20,1750,0.5263732671737671,0.5443977117538452
2,sage_knn_k20,1800,0.5277308821678162,0.5472209453582764
2,sage_knn_k20,1850,0.5224384665489197,0.5460900664329529
2,sage_knn_k20,1900,0.5310137867927551,0.5436546206474304
2,sage_knn_k20,1950,0.5234853029251099,0.5431646108627319
2,sage_knn_k20,2000,0.5259785652160645,0.5451072454452515
2,mlp_ae_nomask,50,1.0201215744018557,1.0088342428207395
2,mlp_ae_nomask,100,0.6702117323875427,0.6727258563041687
2,mlp_ae_nomask,150,0.4584205746650696,0.4615374207496643
2,mlp_ae_nomask,200,0.2613427639007568,0.2766705155372619
2,mlp_ae_nomask,250,0.158411294221878,0.2364656180143356
2,mlp_ae_nomask,300,0.1105341166257858,0.1144344732165336
2,mlp_ae_nomask,350,0.0911103039979934,0.0940716415643692
2,mlp_ae_nomask,400,0.0806594640016555,0.0810208171606063
2,mlp_ae_nomask,450,0.0584897249937057,0.0659254491329193
2,mlp_ae_nomask,500,0.0481588318943977,0.0532870404422283
2,mlp_ae_nomask,550,0.0453467965126037,0.0529928728938102
2,mlp_ae_nomask,600,0.0342979580163955,0.0390121862292289
2,mlp_ae_nomask,650,0.0733746662735939,0.0710631906986236
2,mlp_ae_nomask,700,0.0272380467504262,0.0317437425255775
2,mlp_ae_nomask,750,0.0213909689337015,0.0261090397834777
2,mlp_ae_nomask,800,0.3018501698970794,0.1172671020030975
2,mlp_ae_nomask,850,0.019168522208929,0.0231806226074695
2,mlp_ae_nomask,900,0.0143973622471094,0.0188234634697437
2,mlp_ae_nomask,950,0.023288195952773,0.0978261828422546
2,mlp_ae_nomask,1000,0.0131396455690264,0.0169721692800521
2,mlp_ae_nomask,1050,0.0099667413160204,0.0140122231096029
2,mlp_ae_nomask,1100,0.0083515606820583,0.0122821945697069
2,mlp_ae_nomask,1150,0.0087045570835471,0.0146988052874803
2,mlp_ae_nomask,1200,0.007722302339971,0.0115976789966225
2,mlp_ae_nomask,1250,0.0060995831154286,0.0097176060080528
2,mlp_ae_nomask,1300,0.0231857672333717,0.0464293248951435
2,mlp_ae_nomask,1350,0.0069959694519639,0.0103295110166072
2,mlp_ae_nomask,1400,0.0050608874298632,0.0083932923153042
2,mlp_ae_nomask,1450,0.0043200985528528,0.007584361359477
2,mlp_ae_nomask,1500,0.0079758698120713,0.0156720727682113
2,mlp_ae_nomask,1550,0.0041583348065614,0.0072944755665957
2,mlp_ae_nomask,1600,0.003448202740401,0.006555100902915
2,mlp_ae_nomask,1650,0.0125468047335743,0.0104302540421485
2,mlp_ae_nomask,1700,0.0036642856430262,0.0066647762432694
2,mlp_ae_nomask,1750,0.0029975879006087,0.0059784147888422
2,mlp_ae_nomask,1800,0.0516530498862266,0.0315783061087131
2,mlp_ae_nomask,1850,0.0037052244879305,0.0066838432103395
2,mlp_ae_nomask,1900,0.0027929407078772,0.0056605441495776
2,mlp_ae_nomask,1950,0.0023651181254535,0.0052240719087421
2,mlp_ae_nomask,2000,0.0020603691227734,0.0049107000231742
2,sage_selfloop_nomask,50,0.9366803169250488,0.9263342022895812
2,sage_selfloop_nomask,100,0.5355235934257507,0.5377382636070251
2,sage_selfloop_nomask,150,0.301058828830719,0.3036415576934814
2,sage_selfloop_nomask,200,0.1959908008575439,0.204954519867897
2,sage_selfloop_nomask,250,0.1277365088462829,0.1345736384391784
2,sage_selfloop_nomask,300,0.08901047706604,0.0956963822245597
2,sage_selfloop_nomask,350,0.0728120505809784,0.0790314897894859
2,sage_selfloop_nomask,400,0.1188610270619392,0.0819188505411148
2,sage_selfloop_nomask,450,0.0385327450931072,0.0436591655015945
2,sage_selfloop_nomask,500,0.075157344341278,0.0415041893720626
2,sage_selfloop_nomask,550,0.0224957540631294,0.0272623114287853
2,sage_selfloop_nomask,600,0.0470633246004581,0.028923362493515
2,sage_selfloop_nomask,650,0.015592522919178,0.0202569793909788
2,sage_selfloop_nomask,700,0.0122382082045078,0.0166049934923648
2,sage_selfloop_nomask,750,0.0174782630056142,0.0210400819778442
2,sage_selfloop_nomask,800,0.0107341688126325,0.0148548502475023
2,sage_selfloop_nomask,850,0.0088427299633622,0.012839077040553
2,sage_selfloop_nomask,900,0.0574778094887733,0.0270622633397579
2,sage_selfloop_nomask,950,0.0085887275636196,0.0122187882661819
2,sage_selfloop_nomask,1000,0.0067641013301908,0.0102647682651877
2,sage_selfloop_nomask,1050,0.0059463665820658,0.0095446361228823
2,sage_selfloop_nomask,1100,0.0084515055641531,0.0121382335200905
2,sage_selfloop_nomask,1150,0.0055783935822546,0.0086279772222042
2,sage_selfloop_nomask,1200,0.0046048434451222,0.0075518824160099
2,sage_selfloop_nomask,1250,0.0358007028698921,0.0335760489106178
2,sage_selfloop_nomask,1300,0.0054631251841783,0.0084544345736503
2,sage_selfloop_nomask,1350,0.0039864545688033,0.0066982088610529
2,sage_selfloop_nomask,1400,0.0032918625511229,0.0059810932725667
2,sage_selfloop_nomask,1450,0.0028016415890306,0.0054655615240335
2,sage_selfloop_nomask,1500,0.0076565844938158,0.0091093406081199
2,sage_selfloop_nomask,1550,0.0032604874577373,0.0057840733788907
2,sage_selfloop_nomask,1600,0.0025994544848799,0.0050670057535171
2,sage_selfloop_nomask,1650,0.0022024908103048,0.0046405927278101
2,sage_selfloop_nomask,1700,0.0090316999703645,0.0136749539524316
2,sage_selfloop_nomask,1750,0.0028639449737966,0.0051586301997303
2,sage_selfloop_nomask,1800,0.002128534251824,0.0044191912747919
2,sage_selfloop_nomask,1850,0.0017959170509129,0.0040765111334621
2,sage_selfloop_nomask,1900,0.0246539376676082,0.0072595262899994
2,sage_selfloop_nomask,1950,0.0023838402703404,0.0045591867528855
2,sage_selfloop_nomask,2000,0.0016859883908182,0.0038669432979077
2,sage_rand_nomask,50,1.0557595491409302,1.050098180770874
2,sage_rand_nomask,100,0.7326834201812744,0.7368163466453552
2,sage_rand_nomask,150,0.5877276062965393,0.56569904088974
2,sage_rand_nomask,200,0.3907234668731689,0.4094190299510956
2,sage_rand_nomask,250,0.2935803532600403,0.2895510494709015
2,sage_rand_nomask,300,0.2287497073411941,0.2286297678947448
2,sage_rand_nomask,350,0.1613849103450775,0.1653060913085937
2,sage_rand_nomask,400,0.1176995113492012,0.1204237192869186
2,sage_rand_nomask,450,0.0934895426034927,0.0944788753986358
2,sage_rand_nomask,500,0.1094687730073928,0.0971808061003685
2,sage_rand_nomask,550,0.0567770116031169,0.0602040402591228
2,sage_rand_nomask,600,0.0623630657792091,0.0538921356201171
2,sage_rand_nomask,650,0.0372442677617073,0.0397858917713165
2,sage_rand_nomask,700,0.0367530733346939,0.0366292558610439
2,sage_rand_nomask,750,0.0247613377869129,0.0272783301770687
2,sage_rand_nomask,800,0.0680140256881713,0.053894005715847
2,sage_rand_nomask,850,0.0193455666303634,0.0220766067504882
2,sage_rand_nomask,900,0.0160182826220989,0.0185572411864995
2,sage_rand_nomask,950,0.0158407241106033,0.0186980608850717
2,sage_rand_nomask,1000,0.0126574514433741,0.0152257541194558
2,sage_rand_nomask,1050,0.0154242143034935,0.0186112839728593
2,sage_rand_nomask,1100,0.0105465501546859,0.0131151527166366
2,sage_rand_nomask,1150,0.0461856536567211,0.0162265133112669
2,sage_rand_nomask,1200,0.0092402826994657,0.0119759859517216
2,sage_rand_nomask,1250,0.0075225415639579,0.0099802371114492
2,sage_rand_nomask,1300,0.0698426440358161,0.0192273408174514
2,sage_rand_nomask,1350,0.00742305861786,0.0099216802045702
2,sage_rand_nomask,1400,0.0058013019151985,0.0082238400354981
2,sage_rand_nomask,1450,0.0116576738655567,0.0232390239834785
2,sage_rand_nomask,1500,0.0107542118057608,0.0117864990606904
2,sage_rand_nomask,1550,0.0056061279028654,0.0079573225229978
2,sage_rand_nomask,1600,0.0045409221202135,0.0068346527405083
2,sage_rand_nomask,1650,0.0038583532441407,0.006101622711867
2,sage_rand_nomask,1700,0.0246155615895986,0.0679353401064872
2,sage_rand_nomask,1750,0.0043215183541178,0.0064128348603844
2,sage_rand_nomask,1800,0.0031619996298104,0.0053186016157269
2,sage_rand_nomask,1850,0.1857057511806488,0.1664159595966339
2,sage_rand_nomask,1900,0.0039192633703351,0.0064451941289007
2,sage_rand_nomask,1950,0.0027946934569627,0.004824680276215
2,sage_rand_nomask,2000,0.0023465419653803,0.0042966622859239
2,sage_knn_nomask,50,0.9537031054496764,0.9433888792991638
2,sage_knn_nomask,100,0.6024984121322632,0.5984967947006226
2,sage_knn_nomask,150,0.3932234048843384,0.4032328128814697
2,sage_knn_nomask,200,0.2828239798545837,0.2858161628246307
2,sage_knn_nomask,250,0.2070532888174057,0.2138750255107879
2,sage_knn_nomask,300,0.1432996839284896,0.1535896956920623
2,sage_knn_nomask,350,0.128308966755867,0.1456918865442276
2,sage_knn_nomask,400,0.0787949562072753,0.0846340954303741
2,sage_knn_nomask,450,0.0667413622140884,0.0772260129451751
2,sage_knn_nomask,500,0.0485571064054966,0.054013542830944
2,sage_knn_nomask,550,0.0460489131510257,0.0522924363613128
2,sage_knn_nomask,600,0.0360743403434753,0.041320689022541
2,sage_knn_nomask,650,0.0466826893389225,0.0422561913728714
2,sage_knn_nomask,700,0.0281401574611663,0.0331653282046318
2,sage_knn_nomask,750,0.0773787871003151,0.053308181464672
2,sage_knn_nomask,800,0.02297930046916,0.028245398774743
2,sage_knn_nomask,850,0.0185436103492975,0.0236478224396705
2,sage_knn_nomask,900,0.0155126200988888,0.0205473024398088
2,sage_knn_nomask,950,0.0180335417389869,0.0219284705817699
2,sage_knn_nomask,1000,0.0124447531998157,0.0170423928648233
2,sage_knn_nomask,1050,0.0104674864560365,0.0148664684966206
2,sage_knn_nomask,1100,0.0169738121330738,0.0187248438596725
2,sage_knn_nomask,1150,0.0091194156557321,0.0130323404446244
2,sage_knn_nomask,1200,0.0076263123191893,0.0113827651366591
2,sage_knn_nomask,1250,0.0209433957934379,0.0451686680316925
2,sage_knn_nomask,1300,0.008370129391551,0.0122222630307078
2,sage_knn_nomask,1350,0.0061096241697669,0.0093946708366274
2,sage_knn_nomask,1400,0.0052051385864615,0.0083918394520878
2,sage_knn_nomask,1450,0.0045471652410924,0.0076660136692225
2,sage_knn_nomask,1500,0.008314711973071,0.0112841259688138
2,sage_knn_nomask,1550,0.0045534283854067,0.007488059811294
2,sage_knn_nomask,1600,0.003796009812504,0.0066854944452643
2,sage_knn_nomask,1650,0.003303829813376,0.006155495531857
2,sage_knn_nomask,1700,0.0076613780111074,0.0153867471963167
2,sage_knn_nomask,1750,0.003640076611191,0.0063898009248077
2,sage_knn_nomask,1800,0.00291463220492,0.0056509138084948
2,sage_knn_nomask,1850,0.002525188261643,0.0052148052491247
2,sage_knn_nomask,1900,0.0061479499563574,0.0110724940896034
2,sage_knn_nomask,1950,0.0027849031612277,0.0054209558293223
2,sage_knn_nomask,2000,0.0022588043939322,0.004849350079894
2,mlp_ae_lr2x,50,1.1812012195587158,1.177197813987732
2,mlp_ae_lr2x,100,0.9189538955688475,0.9176117181777954
2,mlp_ae_lr2x,150,0.7846150398254395,0.7886625528335571
2,mlp_ae_lr2x,200,0.7257978320121765,0.7659369707107544
2,mlp_ae_lr2x,250,0.6295967102050781,0.6408097743988037
2,mlp_ae_lr2x,300,0.6090114712715149,0.6130377054214478
2,mlp_ae_lr2x,350,0.5852007865905762,0.5945593118667603
2,mlp_ae_lr2x,400,0.5744514465332031,0.5848073363304138
2,mlp_ae_lr2x,450,0.5624194741249084,0.5756781697273254
2,mlp_ae_lr2x,500,0.5640487670898438,0.5679889917373657
2,mlp_ae_lr2x,550,0.5505499839782715,0.561078667640686
2,mlp_ae_lr2x,600,0.545857310295105,0.5581634044647217
2,mlp_ae_lr2x,650,0.5364105105400085,0.5495274662971497
2,mlp_ae_lr2x,700,0.5396500825881958,0.543165385723114
2,mlp_ae_lr2x,750,0.5287655591964722,0.5392741560935974
2,mlp_ae_lr2x,800,0.5261785387992859,0.5375011563301086
2,mlp_ae_lr2x,850,0.520056426525116,0.5327878594398499
2,mlp_ae_lr2x,900,0.5360153913497925,0.5452318787574768
2,mlp_ae_lr2x,950,0.5200103521347046,0.5315164923667908
2,mlp_ae_lr2x,1000,0.5165061950683594,0.5296503305435181
2,mlp_ae_lr2x,1050,0.5148025751113892,0.5288269519805908
2,mlp_ae_lr2x,1100,0.5239311456680298,0.5275633335113525
2,mlp_ae_lr2x,1150,0.5133301615715027,0.5249825119972229
2,mlp_ae_lr2x,1200,0.5106937885284424,0.5235205888748169
2,mlp_ae_lr2x,1250,0.5130205154418945,0.5254500508308411
2,mlp_ae_lr2x,1300,0.518686056137085,0.52382493019104
2,mlp_ae_lr2x,1350,0.5102200508117676,0.5234959721565247
2,mlp_ae_lr2x,1400,0.5107347965240479,0.5212489366531372
2,mlp_ae_lr2x,1450,0.5081596374511719,0.5219278335571289
2,mlp_ae_lr2x,1500,0.5155823826789856,0.5201929807662964
2,mlp_ae_lr2x,1550,0.5079082250595093,0.5204020738601685
2,mlp_ae_lr2x,1600,0.5093295574188232,0.5216886401176453
2,mlp_ae_lr2x,1650,0.5056418180465698,0.5199754238128662
2,mlp_ae_lr2x,1700,0.5136521458625793,0.5187855958938599
2,mlp_ae_lr2x,1750,0.5068027973175049,0.5216776728630066
2,mlp_ae_lr2x,1800,0.509239673614502,0.5193513631820679
2,mlp_ae_lr2x,1850,0.5028669834136963,0.5188187956809998
2,mlp_ae_lr2x,1900,0.5150794386863708,0.5204414129257202
2,mlp_ae_lr2x,1950,0.5053603053092957,0.5188069343566895
2,mlp_ae_lr2x,2000,0.5061335563659668,0.5169472098350525
2,sage_knn_cleannbr,50,1.0279065370559692,1.0770070552825928
2,sage_knn_cleannbr,100,0.7070558667182922,0.7629626393318176
2,sage_knn_cleannbr,150,0.5006961226463318,0.57054203748703
2,sage_knn_cleannbr,200,0.3720421493053436,0.4441539645195007
2,sage_knn_cleannbr,250,0.2941597104072571,0.3653833866119385
2,sage_knn_cleannbr,300,0.2496762126684188,0.3303152322769165
2,sage_knn_cleannbr,350,0.219318002462387,0.2869975566864013
2,sage_knn_cleannbr,400,0.1941579431295395,0.2500078380107879
2,sage_knn_cleannbr,450,0.1677233725786209,0.2247233986854553
2,sage_knn_cleannbr,500,0.1594389081001281,0.2217749953269958
2,sage_knn_cleannbr,550,0.1478152275085449,0.2076295614242553
2,sage_knn_cleannbr,600,0.1460378468036651,0.1941090673208236
2,sage_knn_cleannbr,650,0.1406330317258834,0.1888602674007415
2,sage_knn_cleannbr,700,0.1416344940662384,0.1900783777236938
2,sage_knn_cleannbr,750,0.1263149380683899,0.1776625514030456
2,sage_knn_cleannbr,800,0.1213619858026504,0.1669131964445114
2,sage_knn_cleannbr,850,0.120034210383892,0.1622838228940963
2,sage_knn_cleannbr,900,0.1163468584418296,0.1615159511566162
2,sage_knn_cleannbr,950,0.1131820231676101,0.1647780537605285
2,sage_knn_cleannbr,1000,0.1127203702926635,0.1526907384395599
2,sage_knn_cleannbr,1050,0.1074422672390937,0.1488121151924133
2,sage_knn_cleannbr,1100,0.1059182807803154,0.1464431285858154
2,sage_knn_cleannbr,1150,0.1069143265485763,0.147870659828186
2,sage_knn_cleannbr,1200,0.1161834746599197,0.1536729037761688
2,sage_knn_cleannbr,1250,0.0988932773470878,0.1326906085014343
2,sage_knn_cleannbr,1300,0.1023196876049041,0.1352891027927398
2,sage_knn_cleannbr,1350,0.1006123647093772,0.1325916945934295
2,sage_knn_cleannbr,1400,0.1366352289915084,0.1836602836847305
2,sage_knn_cleannbr,1450,0.0946097075939178,0.1219311282038688
2,sage_knn_cleannbr,1500,0.0927537009119987,0.1214474737644195
2,sage_knn_cleannbr,1550,0.0912483781576156,0.1226283460855484
2,sage_knn_cleannbr,1600,0.0948427692055702,0.1237971037626266
2,sage_knn_cleannbr,1650,0.08665531873703,0.1132589131593704
2,sage_knn_cleannbr,1700,0.0876881629228591,0.1142871677875518
2,sage_knn_cleannbr,1750,0.0865918919444084,0.1135721504688263
2,sage_knn_cleannbr,1800,0.0851525515317916,0.1115248873829841
2,sage_knn_cleannbr,1850,0.0823496803641319,0.1054473593831062
2,sage_knn_cleannbr,1900,0.0817771106958389,0.1050895452499389
2,sage_knn_cleannbr,1950,0.0816654860973358,0.1062069833278656
2,sage_knn_cleannbr,2000,0.0795236676931381,0.1022034510970115
3,mlp_ae,50,1.3099217414855957,1.308777093887329
3,mlp_ae,100,1.011970043182373,1.0177669525146484
3,mlp_ae,150,0.8287149667739868,0.8434687852859497
3,mlp_ae,200,0.7107038497924805,0.7230895757675171
3,mlp_ae,250,0.6585441827774048,0.6667914390563965
3,mlp_ae,300,0.6273917555809021,0.6423031091690063
3,mlp_ae,350,0.6094564199447632,0.626282811164856
3,mlp_ae,400,0.6050902009010315,0.6163584589958191
3,mlp_ae,450,0.6124438643455505,0.6269969940185547
3,mlp_ae,500,0.5871232748031616,0.6017248034477234
3,mlp_ae,550,0.5701994895935059,0.5883235335350037
3,mlp_ae,600,0.5702080726623535,0.5829064846038818
3,mlp_ae,650,0.5659722089767456,0.5752062797546387
3,mlp_ae,700,0.5573086738586426,0.5726730823516846
3,mlp_ae,750,0.5464324951171875,0.5642361640930176
3,mlp_ae,800,0.5512762069702148,0.562981903553009
3,mlp_ae,850,0.5462966561317444,0.5570611953735352
3,mlp_ae,900,0.5408010482788086,0.5552364587783813
3,mlp_ae,950,0.5348401069641113,0.5524815320968628
3,mlp_ae,1000,0.5404677391052246,0.5515431761741638
3,mlp_ae,1050,0.5411784648895264,0.5512088537216187
3,mlp_ae,1100,0.5375285148620605,0.5524089336395264
3,mlp_ae,1150,0.538670003414154,0.5562199354171753
3,mlp_ae,1200,0.5376937985420227,0.550269365310669
3,mlp_ae,1250,0.5353960990905762,0.5458470582962036
3,mlp_ae,1300,0.5413818359375,0.5547566413879395
3,mlp_ae,1350,0.527180552482605,0.5452297329902649
3,mlp_ae,1400,0.531690776348114,0.5442947149276733
3,mlp_ae,1450,0.531694769859314,0.5428419709205627
3,mlp_ae,1500,0.5267046093940735,0.5431182384490967
3,mlp_ae,1550,0.5231080055236816,0.5421118140220642
3,mlp_ae,1600,0.5289547443389893,0.5413678884506226
3,mlp_ae,1650,0.5286664962768555,0.5403075218200684
3,mlp_ae,1700,0.5233805775642395,0.5389940738677979
3,mlp_ae,1750,0.5179271697998047,0.5392740368843079
3,mlp_ae,1800,0.5265399217605591,0.5392799377441406
3,mlp_ae,1850,0.5271571278572083,0.5380816459655762
3,mlp_ae,1900,0.5221894383430481,0.5376511812210083
3,mlp_ae,1950,0.5178357362747192,0.5369647741317749
3,mlp_ae,2000,0.5246439576148987,0.5374768972396851
3,sage_selfloop,50,1.2248035669326782,1.2224514484405518
3,sage_selfloop,100,0.9549181461334229,0.9618473052978516
3,sage_selfloop,150,0.788329005241394,0.8054186105728149
3,sage_selfloop,200,0.706323504447937,0.7151290774345398
3,sage_selfloop,250,0.6683890223503113,0.6775380373001099
3,sage_selfloop,300,0.6321033835411072,0.6443806886672974
3,sage_selfloop,350,0.6227123737335205,0.638306736946106
3,sage_selfloop,400,0.6081438064575195,0.6188861131668091
3,sage_selfloop,450,0.5928329229354858,0.6035898923873901
3,sage_selfloop,500,0.5790252685546875,0.5921061038970947
3,sage_selfloop,550,0.5705211162567139,0.5851823091506958
3,sage_selfloop,600,0.5669933557510376,0.5786967277526855
3,sage_selfloop,650,0.5576390027999878,0.570000410079956
3,sage_selfloop,700,0.5502263307571411,0.5650216937065125
3,sage_selfloop,750,0.5390617847442627,0.5589520931243896
3,sage_selfloop,800,0.5432526469230652,0.559047281742096
3,sage_selfloop,850,0.5485372543334961,0.5601584911346436
3,sage_selfloop,900,0.5355197191238403,0.5541481375694275
3,sage_selfloop,950,0.5325974225997925,0.5544385313987732
3,sage_selfloop,1000,0.5324674844741821,0.5473154783248901
3,sage_selfloop,1050,0.5302984714508057,0.5428265333175659
3,sage_selfloop,1100,0.5259107351303101,0.5430039167404175
3,sage_selfloop,1150,0.5188087224960327,0.5393803119659424
3,sage_selfloop,1200,0.5239149928092957,0.5379443168640137
3,sage_selfloop,1250,0.5248361825942993,0.5377373099327087
3,sage_selfloop,1300,0.5189512968063354,0.5357553362846375
3,sage_selfloop,1350,0.5129121541976929,0.5345138907432556
3,sage_selfloop,1400,0.5189324617385864,0.5335416793823242
3,sage_selfloop,1450,0.5203765630722046,0.5313301682472229
3,sage_selfloop,1500,0.516310453414917,0.5317372679710388
3,sage_selfloop,1550,0.5122165679931641,0.5348209142684937
3,sage_selfloop,1600,0.5149025917053223,0.5291866064071655
3,sage_selfloop,1650,0.5158146023750305,0.5281834006309509
3,sage_selfloop,1700,0.5129747986793518,0.5278743505477905
3,sage_selfloop,1750,0.5089951753616333,0.5289233922958374
3,sage_selfloop,1800,0.5152694582939148,0.5279440879821777
3,sage_selfloop,1850,0.5130496025085449,0.5250445008277893
3,sage_selfloop,1900,0.5124368667602539,0.5311688184738159
3,sage_selfloop,1950,0.5127048492431641,0.5358237028121948
3,sage_selfloop,2000,0.5108216404914856,0.5240124464035034
3,sage_rand,50,1.3717291355133057,1.3641756772994995
3,sage_rand,100,1.0859891176223757,1.0997470617294312
3,sage_rand,150,0.9436097741127014,0.9640148878097534
3,sage_rand,200,0.8531440496444702,0.8680270910263062
3,sage_rand,250,0.7710174918174744,0.794725775718689
3,sage_rand,300,0.7135462760925293,0.727952241897583
3,sage_rand,350,0.6600350737571716,0.6879506707191467
3,sage_rand,400,0.6426787972450256,0.6562120914459229
3,sage_rand,450,0.6182199120521545,0.6316349506378174
3,sage_rand,500,0.6001600027084351,0.6270771026611328
3,sage_rand,550,0.5915881395339966,0.6169085502624512
3,sage_rand,600,0.5828666090965271,0.599660336971283
3,sage_rand,650,0.5758861303329468,0.5906606912612915
3,sage_rand,700,0.5677452087402344,0.5892767906188965
3,sage_rand,750,0.559765100479126,0.584843099117279
3,sage_rand,800,0.5626524686813354,0.5819340348243713
3,sage_rand,850,0.5605965852737427,0.5783087015151978
3,sage_rand,900,0.5565152168273926,0.580416738986969
3,sage_rand,950,0.5468151569366455,0.5718467831611633
3,sage_rand,1000,0.5540064573287964,0.5756553411483765
3,sage_rand,1050,0.5492410659790039,0.5682234168052673
3,sage_rand,1100,0.5445781946182251,0.5652327537536621
3,sage_rand,1150,0.5350037813186646,0.5636333227157593
3,sage_rand,1200,0.5402498841285706,0.5592336654663086
3,sage_rand,1250,0.5402297973632812,0.5572305917739868
3,sage_rand,1300,0.5383634567260742,0.560850977897644
3,sage_rand,1350,0.5266713500022888,0.551156759262085
3,sage_rand,1400,0.5324859619140625,0.5501598119735718
3,sage_rand,1450,0.5298060774803162,0.5473304986953735
3,sage_rand,1500,0.5280027389526367,0.5518561601638794
3,sage_rand,1550,0.5246362090110779,0.5559128522872925
3,sage_rand,1600,0.5262290835380554,0.5466954112052917
3,sage_rand,1650,0.5250760316848755,0.5428789258003235
3,sage_rand,1700,0.5230239629745483,0.546062707901001
3,sage_rand,1750,0.515673041343689,0.5424086451530457
3,sage_rand,1800,0.5257472395896912,0.5465187430381775
3,sage_rand,1850,0.5220913887023926,0.5408868789672852
3,sage_rand,1900,0.5200850963592529,0.5449303984642029
3,sage_rand,1950,0.5116821527481079,0.5377156138420105
3,sage_rand,2000,0.5188517570495605,0.5410044193267822
3,sage_knn,50,1.2926146984100342,1.3163836002349854
3,sage_knn,100,1.0153594017028809,1.034584641456604
3,sage_knn,150,0.8542393445968628,0.8819974660873413
3,sage_knn,200,0.7873706817626953,0.8126548528671265
3,sage_knn,250,0.7170785665512085,0.7334537506103516
3,sage_knn,300,0.6712067723274231,0.6902139186859131
3,sage_knn,350,0.6318783760070801,0.6579200029373169
3,sage_knn,400,0.6176464557647705,0.6368969678878784
3,sage_knn,450,0.6041189432144165,0.6228863000869751
3,sage_knn,500,0.5896657705307007,0.6156996488571167
3,sage_knn,550,0.5788216590881348,0.6096282005310059
3,sage_knn,600,0.5985767245292664,0.6101793050765991
3,sage_knn,650,0.5775286555290222,0.6037912368774414
3,sage_knn,700,0.5609620809555054,0.5879769325256348
3,sage_knn,750,0.5610260963439941,0.5887012481689453
3,sage_knn,800,0.5601692199707031,0.5792950391769409
3,sage_knn,850,0.5544439554214478,0.5760965347290039
3,sage_knn,900,0.5435314178466797,0.5695167779922485
3,sage_knn,950,0.5359722375869751,0.5652668476104736
3,sage_knn,1000,0.5406843423843384,0.5616471767425537
3,sage_knn,1050,0.5435491800308228,0.5634833574295044
3,sage_knn,1100,0.5343860983848572,0.5606377124786377
3,sage_knn,1150,0.5267118215560913,0.5565401911735535
3,sage_knn,1200,0.5306490659713745,0.5522412061691284
3,sage_knn,1250,0.5300756096839905,0.5520234704017639
3,sage_knn,1300,0.5254481434822083,0.5491418838500977
3,sage_knn,1350,0.519556999206543,0.5482600331306458
3,sage_knn,1400,0.5277754068374634,0.5488547086715698
3,sage_knn,1450,0.5272769927978516,0.5473013520240784
3,sage_knn,1500,0.5192924737930298,0.54527348279953
3,sage_knn,1550,0.5137876272201538,0.5420604944229126
3,sage_knn,1600,0.5196365118026733,0.5411473512649536
3,sage_knn,1650,0.5423250198364258,0.5598462820053101
3,sage_knn,1700,0.5170789361000061,0.5403356552124023
3,sage_knn,1750,0.5147053599357605,0.5396407246589661
3,sage_knn,1800,0.5205389261245728,0.5428310632705688
3,sage_knn,1850,0.5193390250205994,0.5408810377120972
3,sage_knn,1900,0.5151460766792297,0.5383126139640808
3,sage_knn,1950,0.5081447958946228,0.5367347002029419
3,sage_knn,2000,0.5155776739120483,0.537695586681366
3,sage_bip,50,1.1936912536621094,1.1951409578323364
3,sage_bip,100,0.9587641954421996,0.9585974216461182
3,sage_bip,150,0.7809771299362183,0.7970570921897888
3,sage_bip,200,0.7167116403579712,0.7248464822769165
3,sage_bip,250,0.6723021864891052,0.6848527193069458
3,sage_bip,300,0.6381443738937378,0.6538822054862976
3,sage_bip,350,0.6141170263290405,0.6317466497421265
3,sage_bip,400,0.6100929975509644,0.6296497583389282
3,sage_bip,450,0.5896552801132202,0.6012613773345947
3,sage_bip,500,0.5822286009788513,0.6102291345596313
3,sage_bip,550,0.5668028593063354,0.5858108997344971
3,sage_bip,600,0.5874584913253784,0.5806728005409241
3,sage_bip,650,0.5618460178375244,0.5759662985801697
3,sage_bip,700,0.550945520401001,0.571324348449707
3,sage_bip,750,0.547194242477417,0.5668174028396606
3,sage_bip,800,0.5474667549133301,0.5634791851043701
3,sage_bip,850,0.5468281507492065,0.5611904859542847
3,sage_bip,900,0.5399900674819946,0.5602072477340698
3,sage_bip,950,0.5837742686271667,0.5764096975326538
3,sage_bip,1000,0.5389698147773743,0.5536692142486572
3,sage_bip,1050,0.540297269821167,0.5528912544250488
3,sage_bip,1100,0.5339395999908447,0.5562230348587036
3,sage_bip,1150,0.5374152660369873,0.5662339925765991
3,sage_bip,1200,0.5332041382789612,0.5471023321151733
3,sage_bip,1250,0.5327736139297485,0.5468781590461731
3,sage_bip,1300,0.5282227993011475,0.5464546084403992
3,sage_bip,1350,0.5238602161407471,0.545512318611145
3,sage_bip,1400,0.535210132598877,0.5568125247955322
3,sage_bip,1450,0.5292984247207642,0.5450398921966553
3,sage_bip,1500,0.5220161080360413,0.5410750508308411
3,sage_bip,1550,0.5198192596435547,0.5428029894828796
3,sage_bip,1600,0.5319300889968872,0.5493271350860596
3,sage_bip,1650,0.531847357749939,0.5533132553100586
3,sage_bip,1700,0.5193116068840027,0.5394669771194458
3,sage_bip,1750,0.51535964012146,0.5380825996398926
3,sage_bip,1800,0.5518313646316528,0.567723274230957
3,sage_bip,1850,0.5206190943717957,0.5378167629241943
3,sage_bip,1900,0.514080822467804,0.5337157249450684
3,sage_bip,1950,0.509502112865448,0.534439206123352
3,sage_bip,2000,0.5183300375938416,0.5335145592689514
3,sage_bip_nopool,50,1.185217261314392,1.184669017791748
3,sage_bip_nopool,100,0.9441361427307128,0.9524563550949096
3,sage_bip_nopool,150,0.7819147706031799,0.7904959321022034
3,sage_bip_nopool,200,0.7127615213394165,0.7223505973815918
3,sage_bip_nopool,250,0.6700448989868164,0.6808229088783264
3,sage_bip_nopool,300,0.646912693977356,0.6555465459823608
3,sage_bip_nopool,350,0.6213698387145996,0.6388664841651917
3,sage_bip_nopool,400,0.6192874312400818,0.6305369138717651
3,sage_bip_nopool,450,0.6175743341445923,0.6206204295158386
3,sage_bip_nopool,500,0.591963529586792,0.6065033078193665
3,sage_bip_nopool,550,0.5741720795631409,0.5902459621429443
3,sage_bip_nopool,600,0.5667974948883057,0.5793540477752686
3,sage_bip_nopool,650,0.5635838508605957,0.577136218547821
3,sage_bip_nopool,700,0.5634588003158569,0.5826562643051147
3,sage_bip_nopool,750,0.5444637537002563,0.5634584426879883
3,sage_bip_nopool,800,0.5487222671508789,0.5642576217651367
3,sage_bip_nopool,850,0.5445026159286499,0.5581231117248535
3,sage_bip_nopool,900,0.5408938527107239,0.5581653118133545
3,sage_bip_nopool,950,0.5324724912643433,0.5531261563301086
3,sage_bip_nopool,1000,0.5383532047271729,0.5509877800941467
3,sage_bip_nopool,1050,0.5379676818847656,0.5535187721252441
3,sage_bip_nopool,1100,0.5334473848342896,0.5501630902290344
3,sage_bip_nopool,1150,0.5266522169113159,0.5480428338050842
3,sage_bip_nopool,1200,0.5312488079071045,0.5445984601974487
3,sage_bip_nopool,1250,0.5305054187774658,0.5449492931365967
3,sage_bip_nopool,1300,0.5304813385009766,0.5479981899261475
3,sage_bip_nopool,1350,0.5206263661384583,0.5419573783874512
3,sage_bip_nopool,1400,0.5260530710220337,0.5408512353897095
3,sage_bip_nopool,1450,0.5399406552314758,0.5557094812393188
3,sage_bip_nopool,1500,0.5279455780982971,0.5459630489349365
3,sage_bip_nopool,1550,0.5164393782615662,0.5367740392684937
3,sage_bip_nopool,1600,0.5239779949188232,0.5366619229316711
3,sage_bip_nopool,1650,0.5286287069320679,0.540003776550293
3,sage_bip_nopool,1700,0.5327598452568054,0.5535283088684082
3,sage_bip_nopool,1750,0.5160849094390869,0.5331013202667236
3,sage_bip_nopool,1800,0.5191189646720886,0.5341888070106506
3,sage_bip_nopool,1850,0.5211046934127808,0.5353882312774658
3,sage_bip_nopool,1900,0.5182193517684937,0.5347990989685059
3,sage_bip_nopool,1950,0.5111410617828369,0.5327036380767822
3,sage_bip_nopool,2000,0.5167996287345886,0.5312719345092773
3,sage_knn_k5,50,1.291285276412964,1.3112397193908691
3,sage_knn_k5,100,1.0093204975128174,1.0209991931915283
3,sage_knn_k5,150,0.8477391004562378,0.8663153052330017
3,sage_knn_k5,200,0.7632640600204468,0.7786129713058472
3,sage_knn_k5,250,0.6971437335014343,0.7131292819976807
3,sage_knn_k5,300,0.6554927825927734,0.676383376121521
3,sage_knn_k5,350,0.6245837211608887,0.6479301452636719
3,sage_knn_k5,400,0.6134223937988281,0.6308708190917969
3,sage_knn_k5,450,0.6014684438705444,0.6175204515457153
3,sage_knn_k5,500,0.5866734981536865,0.6063242554664612
3,sage_knn_k5,550,0.575676679611206,0.59834885597229
3,sage_knn_k5,600,0.5732128620147705,0.5895114541053772
3,sage_knn_k5,650,0.5676405429840088,0.5823060274124146
3,sage_knn_k5,700,0.5598102807998657,0.5800971984863281
3,sage_knn_k5,750,0.5522043704986572,0.5748963356018066
3,sage_knn_k5,800,0.5549818873405457,0.572493314743042
3,sage_knn_k5,850,0.5537155866622925,0.5712569952011108
3,sage_knn_k5,900,0.5480831861495972,0.5666211843490601
3,sage_knn_k5,950,0.5396522283554077,0.5619667768478394
3,sage_knn_k5,1000,0.5425342917442322,0.5594553351402283
3,sage_knn_k5,1050,0.5426771640777588,0.5607201457023621
3,sage_knn_k5,1100,0.5370250344276428,0.5575777292251587
3,sage_knn_k5,1150,0.5290573835372925,0.5538597106933594
3,sage_knn_k5,1200,0.535114586353302,0.5528566837310791
3,sage_knn_k5,1250,0.53443443775177,0.5513659715652466
3,sage_knn_k5,1300,0.5305137634277344,0.5502526760101318
3,sage_knn_k5,1350,0.5226436853408813,0.5480760335922241
3,sage_knn_k5,1400,0.530656099319458,0.5463982820510864
3,sage_knn_k5,1450,0.5313128232955933,0.549118161201477
3,sage_knn_k5,1500,0.5239696502685547,0.541507363319397
3,sage_knn_k5,1550,0.5180068016052246,0.5435668230056763
3,sage_knn_k5,1600,0.5288623571395874,0.5440603494644165
3,sage_knn_k5,1650,0.5247135162353516,0.5410668253898621
3,sage_knn_k5,1700,0.5295047760009766,0.5470662117004395
3,sage_knn_k5,1750,0.5313102006912231,0.5498110055923462
3,sage_knn_k5,1800,0.5232498049736023,0.5435266494750977
3,sage_knn_k5,1850,0.5200091600418091,0.5384217500686646
3,sage_knn_k5,1900,0.5158674716949463,0.5342445969581604
3,sage_knn_k5,1950,0.5188548564910889,0.5446043610572815
3,sage_knn_k5,2000,0.5206385850906372,0.5385136604309082
3,sage_knn_k20,50,1.292699098587036,1.3177437782287598
3,sage_knn_k20,100,1.0132367610931396,1.0367110967636108
3,sage_knn_k20,150,0.8556972742080688,0.878279447555542
3,sage_knn_k20,200,0.767855167388916,0.7883822321891785
3,sage_knn_k20,250,0.7058455944061279,0.7288025617599487
3,sage_knn_k20,300,0.6632381677627563,0.6909207701683044
3,sage_knn_k20,350,0.6366217136383057,0.6628721356391907
3,sage_knn_k20,400,0.6258405447006226,0.6405159831047058
3,sage_knn_k20,450,0.6055250763893127,0.6258382797241211
3,sage_knn_k20,500,0.5835285186767578,0.6108680963516235
3,sage_knn_k20,550,0.5776811838150024,0.6078673005104065
3,sage_knn_k20,600,0.5730757713317871,0.5927729606628418
3,sage_knn_k20,650,0.5715675354003906,0.5908350348472595
3,sage_knn_k20,700,0.5604149699211121,0.585968017578125
3,sage_knn_k20,750,0.551705539226532,0.5788350105285645
3,sage_knn_k20,800,0.5579645037651062,0.5787563323974609
3,sage_knn_k20,850,0.5519117116928101,0.571774959564209
3,sage_knn_k20,900,0.5439606308937073,0.568388819694519
3,sage_knn_k20,950,0.5409198999404907,0.5685725212097168
3,sage_knn_k20,1000,0.5433194041252136,0.5609371066093445
3,sage_knn_k20,1050,0.5400317311286926,0.5624549984931946
3,sage_knn_k20,1100,0.5362293720245361,0.5601608753204346
3,sage_knn_k20,1150,0.5297341346740723,0.5574107766151428
3,sage_knn_k20,1200,0.5363785028457642,0.5548502206802368
3,sage_knn_k20,1250,0.535922646522522,0.5586948394775391
3,sage_knn_k20,1300,0.5430253744125366,0.5697305202484131
3,sage_knn_k20,1350,0.5342055559158325,0.5656963586807251
3,sage_knn_k20,1400,0.5300752520561218,0.5521361827850342
3,sage_knn_k20,1450,0.5345416069030762,0.5578036904335022
3,sage_knn_k20,1500,0.5254799127578735,0.5503791570663452
3,sage_knn_k20,1550,0.5196364521980286,0.5496070981025696
3,sage_knn_k20,1600,0.5269192457199097,0.5476261973381042
3,sage_knn_k20,1650,0.5269625186920166,0.5513691902160645
3,sage_knn_k20,1700,0.521281361579895,0.5468709468841553
3,sage_knn_k20,1750,0.5172548890113831,0.5483134984970093
3,sage_knn_k20,1800,0.5233265161514282,0.5444408655166626
3,sage_knn_k20,1850,0.5270850658416748,0.5506453514099121
3,sage_knn_k20,1900,0.5206315517425537,0.5457369685173035
3,sage_knn_k20,1950,0.5145363211631775,0.5444386005401611
3,sage_knn_k20,2000,0.5195395946502686,0.5403537750244141
3,mlp_ae_nomask,50,1.0368187427520752,1.0331649780273438
3,mlp_ae_nomask,100,0.6816926598548889,0.6814659237861633
3,mlp_ae_nomask,150,0.4329598844051361,0.4244709610939026
3,mlp_ae_nomask,200,0.2553024291992187,0.2566463053226471
3,mlp_ae_nomask,250,0.1770346313714981,0.1766559481620788
3,mlp_ae_nomask,300,0.1296875178813934,0.1353392899036407
3,mlp_ae_nomask,350,0.0981095880270004,0.1140044033527374
3,mlp_ae_nomask,400,0.0803233236074447,0.0861733853816986
3,mlp_ae_nomask,450,0.0629827156662941,0.0705399066209793
3,mlp_ae_nomask,500,0.0521688386797905,0.0582058019936084
3,mlp_ae_nomask,550,0.0647907778620719,0.1067965179681778
3,mlp_ae_nomask,600,0.0373750254511833,0.0425449833273887
3,mlp_ae_nomask,650,0.0297683309763669,0.0349161326885223
3,mlp_ae_nomask,700,0.0264174416661262,0.0309719573706388
3,mlp_ae_nomask,750,0.2046754956245422,0.238368272781372
3,mlp_ae_nomask,800,0.020980941131711,0.0251644514501094
3,mlp_ae_nomask,850,0.0168561767786741,0.0204784478992223
3,mlp_ae_nomask,900,0.0247730016708374,0.0449237748980522
3,mlp_ae_nomask,950,0.0145200444385409,0.0177473053336143
3,mlp_ae_nomask,1000,0.0113920755684375,0.0144636090844869
3,mlp_ae_nomask,1050,0.098052754998207,0.1378230452537536
3,mlp_ae_nomask,1100,0.009931618347764,0.0126540325582027
3,mlp_ae_nomask,1150,0.0079971840605139,0.0108587704598903
3,mlp_ae_nomask,1200,0.0076983897015452,0.011568984016776
3,mlp_ae_nomask,1250,0.00927603431046,0.01255439594388
3,mlp_ae_nomask,1300,0.0067368485033512,0.00962679926306
3,mlp_ae_nomask,1350,0.0058284564875066,0.0087035987526178
3,mlp_ae_nomask,1400,0.0072570838965475,0.0131222028285264
3,mlp_ae_nomask,1450,0.0061707282438874,0.0091725857928395
3,mlp_ae_nomask,1500,0.0048393746837973,0.0077058421447873
3,mlp_ae_nomask,1550,0.0042765098623931,0.0071111391298472
3,mlp_ae_nomask,1600,0.011072433553636,0.0104714622721076
3,mlp_ae_nomask,1650,0.0043105892837047,0.0071413381956517
3,mlp_ae_nomask,1700,0.0036975312978029,0.0064647966064512
3,mlp_ae_nomask,1750,0.0033070193603634,0.0060394778847694
3,mlp_ae_nomask,1800,0.0064748437143862,0.0145249124616384
3,mlp_ae_nomask,1850,0.0035896829795092,0.0063214222900569
3,mlp_ae_nomask,1900,0.0030400692485272,0.0057098446413874
3,mlp_ae_nomask,1950,0.0140299666672945,0.0316376909613609
3,mlp_ae_nomask,2000,0.0041002444922924,0.0072840936481952
3,sage_selfloop_nomask,50,0.9253326654434204,0.9184677600860596
3,sage_selfloop_nomask,100,0.5870572924613953,0.5877766013145447
3,sage_selfloop_nomask,150,0.3210507929325104,0.3191554546356201
3,sage_selfloop_nomask,200,0.2018251270055771,0.2031718343496322
3,sage_selfloop_nomask,250,0.1347862184047699,0.1392403692007064
3,sage_selfloop_nomask,300,0.1098059117794036,0.1154420152306556
3,sage_selfloop_nomask,350,0.0600625574588775,0.0640824809670448
3,sage_selfloop_nomask,400,0.0468683578073978,0.0520873554050922
3,sage_selfloop_nomask,450,0.0484312921762466,0.1061324998736381
3,sage_selfloop_nomask,500,0.0289328824728727,0.0335666835308074
3,sage_selfloop_nomask,550,0.029191892594099,0.0354831255972385
3,sage_selfloop_nomask,600,0.0192271973937749,0.0239352900534868
3,sage_selfloop_nomask,650,0.1010760888457298,0.0311893392354249
3,sage_selfloop_nomask,700,0.0149154933169484,0.019745634868741
3,sage_selfloop_nomask,750,0.0111195659264922,0.0152641693130135
3,sage_selfloop_nomask,800,0.0338645465672016,0.0300936736166477
3,sage_selfloop_nomask,850,0.0103839617222547,0.0142476502805948
3,sage_selfloop_nomask,900,0.0077557382173836,0.0114788487553596
3,sage_selfloop_nomask,950,0.0063763591460883,0.0098764151334762
3,sage_selfloop_nomask,1000,0.0103833973407745,0.0145421996712684
3,sage_selfloop_nomask,1050,0.0062353503890335,0.0094992090016603
3,sage_selfloop_nomask,1100,0.005051146261394,0.0081072300672531
3,sage_selfloop_nomask,1150,0.0043458649888634,0.0073218937031924
3,sage_selfloop_nomask,1200,0.0081635918468236,0.0108984550461173
3,sage_selfloop_nomask,1250,0.0046509918756783,0.0074325953610241
3,sage_selfloop_nomask,1300,0.0038006317336112,0.0064167771488428
3,sage_selfloop_nomask,1350,0.0032596453092992,0.0057531907223165
3,sage_selfloop_nomask,1400,0.0028650765307247,0.0052714357152581
3,sage_selfloop_nomask,1450,0.0059534017927944,0.0084875132888555
3,sage_selfloop_nomask,1500,0.0032587621826678,0.0055934404954314
3,sage_selfloop_nomask,1550,0.0026741516776382,0.0049089910462498
3,sage_selfloop_nomask,1600,0.0023111484479159,0.0044764154590666
3,sage_selfloop_nomask,1650,0.0124682364985346,0.0224177837371826
3,sage_selfloop_nomask,1700,0.0033325003460049,0.005508555099368
3,sage_selfloop_nomask,1750,0.0024028099142014,0.0045363963581621
3,sage_selfloop_nomask,1800,0.0020174935925751,0.0040769604966044
3,sage_selfloop_nomask,1850,0.001755878678523,0.0037614204920828
3,sage_selfloop_nomask,1900,0.0052517792209982,0.0198025405406951
3,sage_selfloop_nomask,1950,0.0023966613225638,0.0043548066169023
3,sage_selfloop_nomask,2000,0.0017356001771986,0.0036904716398566
3,sage_rand_nomask,50,1.049386739730835,1.0486961603164673
3,sage_rand_nomask,100,0.7776174545288086,0.7750100493431091
3,sage_rand_nomask,150,0.6355822682380676,0.6449335813522339
3,sage_rand_nomask,200,0.4766475558280945,0.4904826879501343
3,sage_rand_nomask,250,0.3314314782619476,0.3701711893081665
3,sage_rand_nomask,300,0.2053537964820861,0.2155980765819549
3,sage_rand_nomask,350,0.1543181538581848,0.1625564247369766
3,sage_rand_nomask,400,0.1283362805843353,0.1363148093223571
3,sage_rand_nomask,450,0.1071366816759109,0.1140054240822792
3,sage_rand_nomask,500,0.0928642451763153,0.0986299142241478
3,sage_rand_nomask,550,0.0663653761148452,0.0735932141542434
3,sage_rand_nomask,600,0.058208055794239,0.0646870508790016
3,sage_rand_nomask,650,0.1014829203486442,0.1539945900440216
3,sage_rand_nomask,700,0.041553471237421,0.0479023121297359
3,sage_rand_nomask,750,0.0870417580008506,0.052359402179718
3,sage_rand_nomask,800,0.0282421819865703,0.0340044721961021
3,sage_rand_nomask,850,0.0350345708429813,0.0492118820548057
3,sage_rand_nomask,900,0.0203693825751543,0.025193378329277
3,sage_rand_nomask,950,0.0177873969078063,0.0211841948330402
3,sage_rand_nomask,1000,0.0237438529729843,0.0320749729871749
3,sage_rand_nomask,1050,0.0197686366736888,0.0338098928332328
3,sage_rand_nomask,1100,0.0113464323803782,0.0151292122900486
3,sage_rand_nomask,1150,0.0086507946252822,0.0117081310600042
3,sage_rand_nomask,1200,0.0084733814001083,0.0120281018316745
3,sage_rand_nomask,1250,0.042431179434061,0.0848458409309387
3,sage_rand_nomask,1300,0.0076177595183253,0.0101422350853681
3,sage_rand_nomask,1350,0.0055850273929536,0.0079380013048648
3,sage_rand_nomask,1400,0.0097184712067246,0.0159972608089447
3,sage_rand_nomask,1450,0.0050636297091841,0.0072254883125424
3,sage_rand_nomask,1500,0.0041063856333494,0.0061781941913068
3,sage_rand_nomask,1550,0.0824257656931877,0.0121244043111801
3,sage_rand_nomask,1600,0.0046096891164779,0.006738101132214
3,sage_rand_nomask,1650,0.0033582570031285,0.0052682431414723
3,sage_rand_nomask,1700,0.002828981494531,0.0046596676111221
3,sage_rand_nomask,1750,0.0135167259722948,0.0096746571362018
3,sage_rand_nomask,1800,0.003195768687874,0.0049972436390817
3,sage_rand_nomask,1850,0.0025045396760106,0.0042227003723382
3,sage_rand_nomask,1900,0.0021350297611206,0.0037736003287136
3,sage_rand_nomask,1950,0.0102991601452231,0.0157518684864044
3,sage_rand_nomask,2000,0.0026329939719289,0.0043243616819381
3,sage_knn_nomask,50,0.9407157301902772,0.9353259205818176
3,sage_knn_nomask,100,0.6497379541397095,0.649203896522522
3,sage_knn_nomask,150,0.4699924886226654,0.4561226069927215
3,sage_knn_nomask,200,0.2653059363365173,0.2729310691356659
3,sage_knn_nomask,250,0.1934728026390075,0.2019315361976623
3,sage_knn_nomask,300,0.1438244879245758,0.1509938687086105
3,sage_knn_nomask,350,0.1015754044055938,0.1148302033543586
3,sage_knn_nomask,400,0.1354544013738632,0.1003206595778465
3,sage_knn_nomask,450,0.0517981424927711,0.0578729696571826
3,sage_knn_nomask,500,0.0540147013962268,0.1182559877634048
3,sage_knn_nomask,550,0.0349824652075767,0.0401251502335071
3,sage_knn_nomask,600,0.0265287309885025,0.0317686423659324
3,sage_knn_nomask,650,0.0281229354441165,0.0426005199551582
3,sage_knn_nomask,700,0.0196375846862792,0.0241508483886718
3,sage_knn_nomask,750,0.0159398801624774,0.0202079452574253
3,sage_knn_nomask,800,0.0195020344108343,0.0217184443026781
3,sage_knn_nomask,850,0.0131075922399759,0.0167091935873031
3,sage_knn_nomask,900,0.0110012041404843,0.014450766146183
3,sage_knn_nomask,950,0.0146288182586431,0.0157120637595653
3,sage_knn_nomask,1000,0.0093882018700242,0.0125543791800737
3,sage_knn_nomask,1050,0.0080624930560588,0.011175044812262
3,sage_knn_nomask,1100,0.0099771190434694,0.0129908137023448
3,sage_knn_nomask,1150,0.0071029402315616,0.0101011479273438
3,sage_knn_nomask,1200,0.0239920318126678,0.0482216775417327
3,sage_knn_nomask,1250,0.0077375583350658,0.0104899425059556
3,sage_knn_nomask,1300,0.0058066304773092,0.0086391093209385
3,sage_knn_nomask,1350,0.0050613093189895,0.007885574363172
3,sage_knn_nomask,1400,0.0078843245282769,0.0094404909759759
3,sage_knn_nomask,1450,0.0047220820561051,0.0074800932779908
3,sage_knn_nomask,1500,0.0041066729463636,0.0068325442261993
3,sage_knn_nomask,1550,0.0063281534239649,0.0102837365120649
3,sage_knn_nomask,1600,0.0040049199014902,0.0066941590048372
3,sage_knn_nomask,1650,0.0034439486917108,0.0060933278873562
3,sage_knn_nomask,1700,0.0087556736543774,0.0245317891240119
3,sage_knn_nomask,1750,0.0037010125815868,0.006429576780647
3,sage_knn_nomask,1800,0.0029917643405497,0.0056097032502293
3,sage_knn_nomask,1850,0.0041735260747373,0.0086032152175903
3,sage_knn_nomask,1900,0.0045023616403341,0.0068800402805209
3,sage_knn_nomask,1950,0.0027868144679814,0.0053456695750355
3,sage_knn_nomask,2000,0.0023680247832089,0.004883443005383
3,mlp_ae_lr2x,50,1.162034034729004,1.160665512084961
3,mlp_ae_lr2x,100,0.9086954593658448,0.9023863077163696
3,mlp_ae_lr2x,150,0.7213886976242065,0.7345706820487976
3,mlp_ae_lr2x,200,0.6617326736450195,0.6708230376243591
3,mlp_ae_lr2x,250,0.6278400421142578,0.6373087763786316
3,mlp_ae_lr2x,300,0.5985506772994995,0.6087672710418701
3,mlp_ae_lr2x,350,0.5723401308059692,0.5943049788475037
3,mlp_ae_lr2x,400,0.5718684196472168,0.5857622027397156
3,mlp_ae_lr2x,450,0.5635364055633545,0.5753967761993408
3,mlp_ae_lr2x,500,0.5542003512382507,0.5726616382598877
3,mlp_ae_lr2x,550,0.5487940311431885,0.5688233375549316
3,mlp_ae_lr2x,600,0.5477989315986633,0.5620161294937134
3,mlp_ae_lr2x,650,0.547897458076477,0.5578076839447021
3,mlp_ae_lr2x,700,0.5547875761985779,0.5561659336090088
3,mlp_ae_lr2x,750,0.5290466547012329,0.5491875410079956
3,mlp_ae_lr2x,800,0.5351256132125854,0.5481202602386475
3,mlp_ae_lr2x,850,0.5330457091331482,0.5454006195068359
3,mlp_ae_lr2x,900,0.527148962020874,0.5445611476898193
3,mlp_ae_lr2x,950,0.516930878162384,0.5377658605575562
3,mlp_ae_lr2x,1000,0.5227488875389099,0.5358672142028809
3,mlp_ae_lr2x,1050,0.5239338874816895,0.5364015698432922
3,mlp_ae_lr2x,1100,0.5174450874328613,0.5363612174987793
3,mlp_ae_lr2x,1150,0.5099232196807861,0.5307804346084595
3,mlp_ae_lr2x,1200,0.5156463384628296,0.5294786095619202
3,mlp_ae_lr2x,1250,0.5224140882492065,0.5357999801635742
3,mlp_ae_lr2x,1300,0.5099481344223022,0.5279420614242554
3,mlp_ae_lr2x,1350,0.5082374215126038,0.5289655923843384
3,mlp_ae_lr2x,1400,0.5122460126876831,0.5263453722000122
3,mlp_ae_lr2x,1450,0.5218942165374756,0.5407021045684814
3,mlp_ae_lr2x,1500,0.5061807632446289,0.524591863155365
3,mlp_ae_lr2x,1550,0.5023611783981323,0.5228804349899292
3,mlp_ae_lr2x,1600,0.5105189681053162,0.5225661993026733
3,mlp_ae_lr2x,1650,0.5104135870933533,0.5240874290466309
3,mlp_ae_lr2x,1700,0.5074709057807922,0.5283242464065552
3,mlp_ae_lr2x,1750,0.499749094247818,0.5210610628128052
3,mlp_ae_lr2x,1800,0.5058861970901489,0.5202175974845886
3,mlp_ae_lr2x,1850,0.511072039604187,0.5245673656463623
3,mlp_ae_lr2x,1900,0.501876711845398,0.5200647115707397
3,mlp_ae_lr2x,1950,0.5038307905197144,0.5226175785064697
3,mlp_ae_lr2x,2000,0.5044721364974976,0.5179893374443054
3,sage_knn_cleannbr,50,1.020856857299805,1.070167064666748
3,sage_knn_cleannbr,100,0.7211847305297852,0.7824599742889404
3,sage_knn_cleannbr,150,0.528077244758606,0.5880800485610962
3,sage_knn_cleannbr,200,0.3927080035209656,0.4672054946422577
3,sage_knn_cleannbr,250,0.317144513130188,0.3634297549724579
3,sage_knn_cleannbr,300,0.2554827332496643,0.323363333940506
3,sage_knn_cleannbr,350,0.2256714105606079,0.2948523163795471
3,sage_knn_cleannbr,400,0.2032409608364105,0.2682161331176758
3,sage_knn_cleannbr,450,0.2018530666828155,0.2656285464763641
3,sage_knn_cleannbr,500,0.1784778535366058,0.2488729655742645
3,sage_knn_cleannbr,550,0.1674585789442062,0.2293781787157058
3,sage_knn_cleannbr,600,0.1568715870380401,0.2178040146827697
3,sage_knn_cleannbr,650,0.1538817584514618,0.2133959084749221
3,sage_knn_cleannbr,700,0.1427311450242996,0.2026855647563934
3,sage_knn_cleannbr,750,0.1404455453157425,0.1912198066711425
3,sage_knn_cleannbr,800,0.1321248412132263,0.1796028912067413
3,sage_knn_cleannbr,850,0.1296034753322601,0.1740380823612213
3,sage_knn_cleannbr,900,0.1248855516314506,0.1722725331783294
3,sage_knn_cleannbr,950,0.118306465446949,0.1592151969671249
3,sage_knn_cleannbr,1000,0.1133454516530036,0.1545978039503097
3,sage_knn_cleannbr,1050,0.1129708737134933,0.1522855758666992
3,sage_knn_cleannbr,1100,0.105748638510704,0.1458671987056732
3,sage_knn_cleannbr,1150,0.1040049940347671,0.14108806848526
3,sage_knn_cleannbr,1200,0.1005420461297035,0.1357111036777496
3,sage_knn_cleannbr,1250,0.1001830846071243,0.1347254961729049
3,sage_knn_cleannbr,1300,0.098353698849678,0.1329383850097656
3,sage_knn_cleannbr,1350,0.0940521284937858,0.1247991621494293
3,sage_knn_cleannbr,1400,0.0929452776908874,0.1271723806858062
3,sage_knn_cleannbr,1450,0.0929599925875663,0.1250554323196411
3,sage_knn_cleannbr,1500,0.0906420424580574,0.1214292719960212
3,sage_knn_cleannbr,1550,0.0897045508027076,0.1181034818291664
3,sage_knn_cleannbr,1600,0.0879257321357727,0.1164767444133758
3,sage_knn_cleannbr,1650,0.0912903398275375,0.116020068526268
3,sage_knn_cleannbr,1700,0.0848033428192138,0.1127229034900665
3,sage_knn_cleannbr,1750,0.0866868421435356,0.1109565496444702
3,sage_knn_cleannbr,1800,0.0840354561805725,0.1143171787261962
3,sage_knn_cleannbr,1850,0.0836749970912933,0.1083401516079902
3,sage_knn_cleannbr,1900,0.0813288614153862,0.1094024330377578
3,sage_knn_cleannbr,1950,0.0810700953006744,0.1058124154806137
3,sage_knn_cleannbr,2000,0.079295739531517,0.1052947342395782
4,mlp_ae,50,1.3612107038497925,1.3588664531707764
4,mlp_ae,100,1.0680181980133057,1.0734368562698364
4,mlp_ae,150,0.9418705701828004,0.9414101243019104
4,mlp_ae,200,0.8081320524215698,0.8055166006088257
4,mlp_ae,250,0.7039942741394043,0.7153457999229431
4,mlp_ae,300,0.6653395891189575,0.6762685775756836
4,mlp_ae,350,0.6532773971557617,0.6568768620491028
4,mlp_ae,400,0.6397573947906494,0.6390706896781921
4,mlp_ae,450,0.6192502379417419,0.6292418241500854
4,mlp_ae,500,0.614202618598938,0.6194725036621094
4,mlp_ae,550,0.6082313060760498,0.6109539270401001
4,mlp_ae,600,0.6035998463630676,0.6040709018707275
4,mlp_ae,650,0.5834841728210449,0.593168318271637
4,mlp_ae,700,0.6072921752929688,0.6078259944915771
4,mlp_ae,750,0.5776256322860718,0.5786919593811035
4,mlp_ae,800,0.5716230869293213,0.5707423686981201
4,mlp_ae,850,0.554977536201477,0.5654187202453613
4,mlp_ae,900,0.5553900003433228,0.5619208812713623
4,mlp_ae,950,0.5559774041175842,0.5576938390731812
4,mlp_ae,1000,0.5540341734886169,0.5537550449371338
4,mlp_ae,1050,0.5489383935928345,0.5593973398208618
4,mlp_ae,1100,0.5420905351638794,0.5495656132698059
4,mlp_ae,1150,0.5451936721801758,0.546497106552124
4,mlp_ae,1200,0.5457991361618042,0.5466326475143433
4,mlp_ae,1250,0.5360590219497681,0.5453101992607117
4,mlp_ae,1300,0.5353816747665405,0.5415022373199463
4,mlp_ae,1350,0.5353269577026367,0.539215087890625
4,mlp_ae,1400,0.5384117364883423,0.539921760559082
4,mlp_ae,1450,0.5246018171310425,0.536395788192749
4,mlp_ae,1500,0.5284068584442139,0.5362424254417419
4,mlp_ae,1550,0.5299432277679443,0.5339831113815308
4,mlp_ae,1600,0.5414166450500488,0.5435755252838135
4,mlp_ae,1650,0.5188745260238647,0.5305891633033752
4,mlp_ae,1700,0.5216797590255737,0.5292243957519531
4,mlp_ae,1750,0.5273537635803223,0.5305837988853455
4,mlp_ae,1800,0.5289580225944519,0.5324592590332031
4,mlp_ae,1850,0.514070987701416,0.5272245407104492
4,mlp_ae,1900,0.518940806388855,0.5261245965957642
4,mlp_ae,1950,0.5264007449150085,0.5288511514663696
4,mlp_ae,2000,0.5232478380203247,0.5257474184036255
4,sage_selfloop,50,1.215143799781799,1.2118338346481323
4,sage_selfloop,100,0.9298511147499084,0.9320949912071228
4,sage_selfloop,150,0.7625880241394043,0.765294075012207
4,sage_selfloop,200,0.6928563117980957,0.7012162208557129
4,sage_selfloop,250,0.6459200382232666,0.6487066745758057
4,sage_selfloop,300,0.6136181354522705,0.6205774545669556
4,sage_selfloop,350,0.598423182964325,0.6050471663475037
4,sage_selfloop,400,0.59964919090271,0.593549907207489
4,sage_selfloop,450,0.5693693161010742,0.5848686695098877
4,sage_selfloop,500,0.5702486634254456,0.5807103514671326
4,sage_selfloop,550,0.5703262090682983,0.5776309967041016
4,sage_selfloop,600,0.5690715312957764,0.5709074139595032
4,sage_selfloop,650,0.550823450088501,0.5662546157836914
4,sage_selfloop,700,0.5511093139648438,0.5608014464378357
4,sage_selfloop,750,0.5510936975479126,0.556991696357727
4,sage_selfloop,800,0.5503637194633484,0.552473783493042
4,sage_selfloop,850,0.5468802452087402,0.5678155422210693
4,sage_selfloop,900,0.5386393666267395,0.5457078218460083
4,sage_selfloop,950,0.5379238128662109,0.5425080060958862
4,sage_selfloop,1000,0.5401367545127869,0.5417717695236206
4,sage_selfloop,1050,0.5341918468475342,0.5527975559234619
4,sage_selfloop,1100,0.5298635959625244,0.5364616513252258
4,sage_selfloop,1150,0.5304664373397827,0.536076545715332
4,sage_selfloop,1200,0.53116774559021,0.5330751538276672
4,sage_selfloop,1250,0.5207632780075073,0.5351515412330627
4,sage_selfloop,1300,0.523223876953125,0.5314744710922241
4,sage_selfloop,1350,0.5256280899047852,0.5297974348068237
4,sage_selfloop,1400,0.5276073813438416,0.5301669836044312
4,sage_selfloop,1450,0.5157110691070557,0.5287044644355774
4,sage_selfloop,1500,0.5171948075294495,0.5252436399459839
4,sage_selfloop,1550,0.5206118822097778,0.5250310897827148
4,sage_selfloop,1600,0.5240706205368042,0.5281080007553101
4,sage_selfloop,1650,0.5094446539878845,0.5222110748291016
4,sage_selfloop,1700,0.5151771306991577,0.5216128826141357
4,sage_selfloop,1750,0.5173377394676208,0.5229232907295227
4,sage_selfloop,1800,0.5189308524131775,0.5210306644439697
4,sage_selfloop,1850,0.5067740082740784,0.5198310613632202
4,sage_selfloop,1900,0.5116292834281921,0.5179437398910522
4,sage_selfloop,1950,0.5151234865188599,0.5189626216888428
4,sage_selfloop,2000,0.5202987194061279,0.5204181671142578
4,sage_rand,50,1.3291504383087158,1.326834797859192
4,sage_rand,100,1.0299946069717407,1.03318989276886
4,sage_rand,150,0.8972246646881104,0.897587239742279
4,sage_rand,200,0.7979601621627808,0.805568516254425
4,sage_rand,250,0.7244023084640503,0.7401298880577087
4,sage_rand,300,0.6701727509498596,0.6791443824768066
4,sage_rand,350,0.6485428810119629,0.6560757756233215
4,sage_rand,400,0.6386606693267822,0.6514813899993896
4,sage_rand,450,0.6178509593009949,0.6264650821685791
4,sage_rand,500,0.600970983505249,0.6163309812545776
4,sage_rand,550,0.5953818559646606,0.6048539876937866
4,sage_rand,600,0.5878022909164429,0.5992295742034912
4,sage_rand,650,0.5957335233688354,0.6346918344497681
4,sage_rand,700,0.5661847591400146,0.5806146860122681
4,sage_rand,750,0.5686338543891907,0.576632022857666
4,sage_rand,800,0.568874716758728,0.5794732570648193
4,sage_rand,850,0.5522858500480652,0.5718944072723389
4,sage_rand,900,0.551152229309082,0.5643453598022461
4,sage_rand,950,0.553714394569397,0.5607925653457642
4,sage_rand,1000,0.5510238409042358,0.5581105947494507
4,sage_rand,1050,0.5414085388183594,0.5620223879814148
4,sage_rand,1100,0.5528184175491333,0.5636175870895386
4,sage_rand,1150,0.5451974272727966,0.5508341789245605
4,sage_rand,1200,0.5417178273200989,0.5485705733299255
4,sage_rand,1250,0.5300467610359192,0.5498034358024597
4,sage_rand,1300,0.5302180051803589,0.5429171323776245
4,sage_rand,1350,0.5351350903511047,0.5421849489212036
4,sage_rand,1400,0.5400341749191284,0.539200484752655
4,sage_rand,1450,0.5326161980628967,0.5544751882553101
4,sage_rand,1500,0.5223495364189148,0.5366095304489136
4,sage_rand,1550,0.5237043499946594,0.5366719961166382
4,sage_rand,1600,0.5273891687393188,0.5350379943847656
4,sage_rand,1650,0.5149351358413696,0.5329279899597168
4,sage_rand,1700,0.5329611897468567,0.5526521801948547
4,sage_rand,1750,0.5206024050712585,0.5322011709213257
4,sage_rand,1800,0.5196224451065063,0.5298675894737244
4,sage_rand,1850,0.5098643898963928,0.5313688516616821
4,sage_rand,1900,0.5163731575012207,0.5354503393173218
4,sage_rand,1950,0.5256763696670532,0.540715217590332
4,sage_rand,2000,0.5194262862205505,0.5302079916000366
4,sage_knn,50,1.2823337316513062,1.3020187616348269
4,sage_knn,100,1.0059483051300049,1.013382911682129
4,sage_knn,150,0.8505654335021973,0.8654412031173706
4,sage_knn,200,0.7486713528633118,0.7608002424240112
4,sage_knn,250,0.6743853092193604,0.6937841773033142
4,sage_knn,300,0.6488050222396851,0.664486825466156
4,sage_knn,350,0.6313363313674927,0.6445438861846924
4,sage_knn,400,0.6192247271537781,0.6244055032730103
4,sage_knn,450,0.5946389436721802,0.6132467985153198
4,sage_knn,500,0.5889288783073425,0.6038267612457275
4,sage_knn,550,0.5851156711578369,0.5946738123893738
4,sage_knn,600,0.5796113610267639,0.5903277397155762
4,sage_knn,650,0.5643435716629028,0.584137499332428
4,sage_knn,700,0.5645560026168823,0.5804905891418457
4,sage_knn,750,0.567126452922821,0.5768190622329712
4,sage_knn,800,0.5670952200889587,0.5770464539527893
4,sage_knn,850,0.5501128435134888,0.5723308324813843
4,sage_knn,900,0.552493691444397,0.5700547695159912
4,sage_knn,950,0.553004801273346,0.5635548233985901
4,sage_knn,1000,0.5619901418685913,0.5770149230957031
4,sage_knn,1050,0.540451169013977,0.564143717288971
4,sage_knn,1100,0.5434057712554932,0.5607380270957947
4,sage_knn,1150,0.5451041460037231,0.5568711757659912
4,sage_knn,1200,0.546734094619751,0.5627913475036621
4,sage_knn,1250,0.5437089204788208,0.5681189298629761
4,sage_knn,1300,0.5374154448509216,0.5563721656799316
4,sage_knn,1350,0.5436557531356812,0.5513758659362793
4,sage_knn,1400,0.5455634593963623,0.5582565665245056
4,sage_knn,1450,0.5275149941444397,0.5485464334487915
4,sage_knn,1500,0.5428338050842285,0.5557724237442017
4,sage_knn,1550,0.53757244348526,0.5492957830429077
4,sage_knn,1600,0.5442525744438171,0.5575639009475708
4,sage_knn,1650,0.5319869518280029,0.5579246282577515
4,sage_knn,1700,0.5286546349525452,0.5475261807441711
4,sage_knn,1750,0.5319939851760864,0.5454085469245911
4,sage_knn,1800,0.5316261053085327,0.5443731546401978
4,sage_knn,1850,0.5220221281051636,0.5456525683403015
4,sage_knn,1900,0.5278215408325195,0.5442383289337158
4,sage_knn,1950,0.529608428478241,0.5488327145576477
4,sage_knn,2000,0.5323047637939453,0.5447378158569336
4,sage_bip,50,1.2125160694122314,1.214000225067139
4,sage_bip,100,0.956073522567749,0.95318204164505
4,sage_bip,150,0.8054463267326355,0.8106120824813843
4,sage_bip,200,0.7246361374855042,0.7362088561058044
4,sage_bip,250,0.6657443046569824,0.6794130802154541
4,sage_bip,300,0.6363569498062134,0.6439930200576782
4,sage_bip,350,0.6738015413284302,0.6641244292259216
4,sage_bip,400,0.5960668325424194,0.5940550565719604
4,sage_bip,450,0.5751877427101135,0.5810762047767639
4,sage_bip,500,0.5687162280082703,0.5822960138320923
4,sage_bip,550,0.5637845993041992,0.5775120854377747
4,sage_bip,600,0.570555567741394,0.5723514556884766
4,sage_bip,650,0.5993366241455078,0.5938282012939453
4,sage_bip,700,0.5492938160896301,0.5574164986610413
4,sage_bip,750,0.5473759174346924,0.5536043047904968
4,sage_bip,800,0.5497422218322754,0.5527688264846802
4,sage_bip,850,0.5365803241729736,0.551626980304718
4,sage_bip,900,0.537758469581604,0.5488922595977783
4,sage_bip,950,0.5507485866546631,0.5551694631576538
4,sage_bip,1000,0.5413830280303955,0.5502429008483887
4,sage_bip,1050,0.5296001434326172,0.5460730791091919
4,sage_bip,1100,0.5334507822990417,0.5423176884651184
4,sage_bip,1150,0.5395054817199707,0.5413559675216675
4,sage_bip,1200,0.537153422832489,0.5455912947654724
4,sage_bip,1250,0.5252175331115723,0.5426578521728516
4,sage_bip,1300,0.5275846719741821,0.5371088981628418
4,sage_bip,1350,0.5301758050918579,0.534652829170227
4,sage_bip,1400,0.5318990349769592,0.5393139123916626
4,sage_bip,1450,0.5242279767990112,0.5438907146453857
4,sage_bip,1500,0.5276212692260742,0.5383994579315186
4,sage_bip,1550,0.5271320939064026,0.5326651334762573
4,sage_bip,1600,0.5316779017448425,0.5366025567054749
4,sage_bip,1650,0.519203245639801,0.5410292148590088
4,sage_bip,1700,0.5219347476959229,0.5319056510925293
4,sage_bip,1750,0.5261235237121582,0.5307402610778809
4,sage_bip,1800,0.5290196537971497,0.5342932939529419
4,sage_bip,1850,0.517236590385437,0.5381591320037842
4,sage_bip,1900,0.5205345153808594,0.5310583710670471
4,sage_bip,1950,0.5222832560539246,0.5292161703109741
4,sage_bip,2000,0.526334285736084,0.5331317186355591
4,sage_bip_nopool,50,1.2191540002822876,1.2182729244232178
4,sage_bip_nopool,100,0.945167601108551,0.9452112317085266
4,sage_bip_nopool,150,0.7983417510986328,0.796522319316864
4,sage_bip_nopool,200,0.7323011159896851,0.7296377420425415
4,sage_bip_nopool,250,0.6630848050117493,0.6726975440979004
4,sage_bip_nopool,300,0.634467601776123,0.6411959528923035
4,sage_bip_nopool,350,0.6171223521232605,0.618985652923584
4,sage_bip_nopool,400,0.6027212142944336,0.6048625707626343
4,sage_bip_nopool,450,0.5810344219207764,0.5957945585250854
4,sage_bip_nopool,500,0.5796194672584534,0.5870662927627563
4,sage_bip_nopool,550,0.5753111243247986,0.5804527997970581
4,sage_bip_nopool,600,0.5730099678039551,0.5765568017959595
4,sage_bip_nopool,650,0.5539048910140991,0.5712325572967529
4,sage_bip_nopool,700,0.5576146841049194,0.5675941705703735
4,sage_bip_nopool,750,0.557111382484436,0.5634264945983887
4,sage_bip_nopool,800,0.5544314980506897,0.5573140382766724
4,sage_bip_nopool,850,0.5472136735916138,0.5658496022224426
4,sage_bip_nopool,900,0.5453178882598877,0.5536916851997375
4,sage_bip_nopool,950,0.5465747714042664,0.5522096157073975
4,sage_bip_nopool,1000,0.547149658203125,0.5468783378601074
4,sage_bip_nopool,1050,0.5332574844360352,0.5451394319534302
4,sage_bip_nopool,1100,0.5387402772903442,0.547074019908905
4,sage_bip_nopool,1150,0.5388123989105225,0.5437674522399902
4,sage_bip_nopool,1200,0.5394973754882812,0.5400829315185547
4,sage_bip_nopool,1250,0.5262484550476074,0.5403765439987183
4,sage_bip_nopool,1300,0.5312968492507935,0.5393630266189575
4,sage_bip_nopool,1350,0.5724159479141235,0.5631978511810303
4,sage_bip_nopool,1400,0.5371912121772766,0.5364281535148621
4,sage_bip_nopool,1450,0.5438147783279419,0.546455979347229
4,sage_bip_nopool,1500,0.528741180896759,0.536246120929718
4,sage_bip_nopool,1550,0.5286107063293457,0.5319693088531494
4,sage_bip_nopool,1600,0.5345852375030518,0.537761926651001
4,sage_bip_nopool,1650,0.5170656442642212,0.531951904296875
4,sage_bip_nopool,1700,0.5231056213378906,0.5314204692840576
4,sage_bip_nopool,1750,0.5299922227859497,0.5318251848220825
4,sage_bip_nopool,1800,0.5320026874542236,0.537307858467102
4,sage_bip_nopool,1850,0.5144684314727783,0.5284478664398193
4,sage_bip_nopool,1900,0.5195258855819702,0.527267336845398
4,sage_bip_nopool,1950,0.5243966579437256,0.5283464193344116
4,sage_bip_nopool,2000,0.5285261869430542,0.5301411151885986
4,sage_knn_k5,50,1.2822647094726562,1.3022865056991575
4,sage_knn_k5,100,1.0087285041809082,1.0157907009124756
4,sage_knn_k5,150,0.856036901473999,0.8720221519470215
4,sage_knn_k5,200,0.7441312074661255,0.7664159536361694
4,sage_knn_k5,250,0.6713425517082214,0.6939041614532471
4,sage_knn_k5,300,0.6404385566711426,0.6556634902954102
4,sage_knn_k5,350,0.629146933555603,0.6467123627662659
4,sage_knn_k5,400,0.6177271008491516,0.6363019943237305
4,sage_knn_k5,450,0.6093319654464722,0.6188482642173767
4,sage_knn_k5,500,0.5842816829681396,0.6024622917175293
4,sage_knn_k5,550,0.5770928859710693,0.5866633057594299
4,sage_knn_k5,600,0.5720235109329224,0.581189751625061
4,sage_knn_k5,650,0.5585103631019592,0.5811549425125122
4,sage_knn_k5,700,0.5575758218765259,0.5736653208732605
4,sage_knn_k5,750,0.5588617920875549,0.5709585547447205
4,sage_knn_k5,800,0.5584074258804321,0.5710759162902832
4,sage_knn_k5,850,0.5437943339347839,0.5677199363708496
4,sage_knn_k5,900,0.5470017790794373,0.5628483891487122
4,sage_knn_k5,950,0.5534464120864868,0.5596601963043213
4,sage_knn_k5,1000,0.5505550503730774,0.5608999729156494
4,sage_knn_k5,1050,0.5393655300140381,0.5574994087219238
4,sage_knn_k5,1100,0.5398738384246826,0.5576944351196289
4,sage_knn_k5,1150,0.5434266924858093,0.5510437488555908
4,sage_knn_k5,1200,0.5430877208709717,0.5559357404708862
4,sage_knn_k5,1250,0.5344582796096802,0.5522451996803284
4,sage_knn_k5,1300,0.5395366549491882,0.5579197406768799
4,sage_knn_k5,1350,0.5366920232772827,0.547670841217041
4,sage_knn_k5,1400,0.5376697778701782,0.5524511933326721
4,sage_knn_k5,1450,0.5243485569953918,0.5449062585830688
4,sage_knn_k5,1500,0.5270525813102722,0.5449885725975037
4,sage_knn_k5,1550,0.5318723917007446,0.5439521074295044
4,sage_knn_k5,1600,0.5318971872329712,0.5392962694168091
4,sage_knn_k5,1650,0.5194299221038818,0.539614737033844
4,sage_knn_k5,1700,0.5229008197784424,0.5378456115722656
4,sage_knn_k5,1750,0.5251244306564331,0.5380373597145081
4,sage_knn_k5,1800,0.5333387851715088,0.537917971611023
4,sage_knn_k5,1850,0.5156792998313904,0.538013219833374
4,sage_knn_k5,1900,0.5199495553970337,0.5336989164352417
4,sage_knn_k5,1950,0.5262385606765747,0.5320085287094116
4,sage_knn_k5,2000,0.5263576507568359,0.5468515157699585
4,sage_knn_k20,50,1.2881215810775757,1.30841064453125
4,sage_knn_k20,100,1.0106477737426758,1.0230072736740112
4,sage_knn_k20,150,0.8540261387825012,0.8750600218772888
4,sage_knn_k20,200,0.7482122182846069,0.7645069360733032
4,sage_knn_k20,250,0.6986865997314453,0.7163740396499634
4,sage_knn_k20,300,0.6657278537750244,0.676702618598938
4,sage_knn_k20,350,0.6382025480270386,0.646200954914093
4,sage_knn_k20,400,0.6179643869400024,0.623332142829895
4,sage_knn_k20,450,0.5970578789710999,0.6342946290969849
4,sage_knn_k20,500,0.5863310694694519,0.6021518707275391
4,sage_knn_k20,550,0.5848182439804077,0.5965781211853027
4,sage_knn_k20,600,0.5778861045837402,0.5905451774597168
4,sage_knn_k20,650,0.5601460337638855,0.5833998918533325
4,sage_knn_k20,700,0.5620733499526978,0.5784094333648682
4,sage_knn_k20,750,0.5637606382369995,0.5797198414802551
4,sage_knn_k20,800,0.5808053016662598,0.5897287726402283
4,sage_knn_k20,850,0.5462249517440796,0.5697760581970215
4,sage_knn_k20,900,0.549639880657196,0.5667632818222046
4,sage_knn_k20,950,0.5521355867385864,0.5650336146354675
4,sage_knn_k20,1000,0.5581943988800049,0.5851818323135376
4,sage_knn_k20,1050,0.5369594693183899,0.5604685544967651
4,sage_knn_k20,1100,0.541131854057312,0.5583499670028687
4,sage_knn_k20,1150,0.5430339574813843,0.5582849979400635
4,sage_knn_k20,1200,0.5480958223342896,0.5533092021942139
4,sage_knn_k20,1250,0.5335227251052856,0.554998517036438
4,sage_knn_k20,1300,0.5336450338363647,0.5502366423606873
4,sage_knn_k20,1350,0.5360057353973389,0.5496135950088501
4,sage_knn_k20,1400,0.5364319086074829,0.5458396673202515
4,sage_knn_k20,1450,0.524135172367096,0.5472530126571655
4,sage_knn_k20,1500,0.5295804738998413,0.5456797480583191
4,sage_knn_k20,1550,0.5299994945526123,0.5469231605529785
4,sage_knn_k20,1600,0.5318742394447327,0.5405218601226807
4,sage_knn_k20,1650,0.5174195766448975,0.5448416471481323
4,sage_knn_k20,1700,0.5225051641464233,0.5431152582168579
4,sage_knn_k20,1750,0.5582739114761353,0.5873284339904785
4,sage_knn_k20,1800,0.5276282429695129,0.5400116443634033
4,sage_knn_k20,1850,0.5139678120613098,0.5401018857955933
4,sage_knn_k20,1900,0.5200000405311584,0.5369362235069275
4,sage_knn_k20,1950,0.5248819589614868,0.5409823060035706
4,sage_knn_k20,2000,0.5275363922119141,0.5458958148956299
4,mlp_ae_nomask,50,1.0681724548339844,1.0626790523529053
4,mlp_ae_nomask,100,0.7036334276199341,0.7049023509025574
4,mlp_ae_nomask,150,0.5066282749176025,0.5083831548690796
4,mlp_ae_nomask,200,0.3413465321063995,0.3603378236293793
4,mlp_ae_nomask,250,0.2437331229448318,0.2451413720846176
4,mlp_ae_nomask,300,0.1703925430774688,0.1713432371616363
4,mlp_ae_nomask,350,0.1186269894242286,0.1215711236000061
4,mlp_ae_nomask,400,0.098269797861576,0.100280225276947
4,mlp_ae_nomask,450,0.0819724053144455,0.097126305103302
4,mlp_ae_nomask,500,0.0627864524722099,0.0670467764139175
4,mlp_ae_nomask,550,0.0505077727138996,0.0553806088864803
4,mlp_ae_nomask,600,0.070826455950737,0.0585465990006923
4,mlp_ae_nomask,650,0.038200169801712,0.0421297512948513
4,mlp_ae_nomask,700,0.0349297784268856,0.0405196473002433
4,mlp_ae_nomask,750,0.1737401485443115,0.2487082779407501
4,mlp_ae_nomask,800,0.0278597716242074,0.0311141870915889
4,mlp_ae_nomask,850,0.0221902951598167,0.0254965014755725
4,mlp_ae_nomask,900,0.0175480116158723,0.021100228652358
4,mlp_ae_nomask,950,0.0571708343923091,0.0410198867321014
4,mlp_ae_nomask,1000,0.0118158627301454,0.0144638307392597
4,mlp_ae_nomask,1050,0.0331572890281677,0.0240904856473207
4,mlp_ae_nomask,1100,0.0085633127018809,0.0109057500958442
4,mlp_ae_nomask,1150,0.0278007797896862,0.0457706041634082
4,mlp_ae_nomask,1200,0.0079144081100821,0.0103076826781034
4,mlp_ae_nomask,1250,0.0061011724174022,0.0084948604926466
4,mlp_ae_nomask,1300,0.0051973229274153,0.0076328334398567
4,mlp_ae_nomask,1350,0.0092987343668937,0.0119864642620086
4,mlp_ae_nomask,1400,0.0049715004861354,0.0074333641678094
4,mlp_ae_nomask,1450,0.0041805198416113,0.0067025027237832
4,mlp_ae_nomask,1500,0.0036711180582642,0.0062393341213464
4,mlp_ae_nomask,1550,0.0145467715337872,0.0240348260849714
4,mlp_ae_nomask,1600,0.0041867261752486,0.0067963628098368
4,mlp_ae_nomask,1650,0.0033553941175341,0.0059974892064929
4,mlp_ae_nomask,1700,0.0029330886900424,0.0056245145387947
4,mlp_ae_nomask,1750,0.0647039115428924,0.1150566563010215
4,mlp_ae_nomask,1800,0.0042429696768522,0.0069033065810799
4,mlp_ae_nomask,1850,0.0029577370733022,0.005674042738974
4,mlp_ae_nomask,1900,0.0025279708206653,0.0052821799181401
4,mlp_ae_nomask,1950,0.0022344263270497,0.0050275935791432
4,mlp_ae_nomask,2000,0.0073459614068269,0.0417577438056468
4,sage_selfloop_nomask,50,0.8744478225708008,0.8630385398864746
4,sage_selfloop_nomask,100,0.5311775803565979,0.5243415832519531
4,sage_selfloop_nomask,150,0.3010429441928863,0.3081385493278503
4,sage_selfloop_nomask,200,0.1636141836643219,0.1698852479457855
4,sage_selfloop_nomask,250,0.1251824349164962,0.1775427907705307
4,sage_selfloop_nomask,300,0.078570932149887,0.0829357802867889
4,sage_selfloop_nomask,350,0.0634825080633163,0.0665073618292808
4,sage_selfloop_nomask,400,0.065771535038948,0.0597839504480361
4,sage_selfloop_nomask,450,0.0376228466629982,0.0402683243155479
4,sage_selfloop_nomask,500,0.0310370959341526,0.0344977378845214
4,sage_selfloop_nomask,550,0.038131657987833,0.0342838764190673
4,sage_selfloop_nomask,600,0.018678156659007,0.0213650725781917
4,sage_selfloop_nomask,650,0.0414998531341552,0.0281394384801387
4,sage_selfloop_nomask,700,0.0138347558677196,0.0168967135250568
4,sage_selfloop_nomask,750,0.0106288651004433,0.013968882150948
4,sage_selfloop_nomask,800,0.0132495146244764,0.01884157769382
4,sage_selfloop_nomask,850,0.0088944202288985,0.0123056313022971
4,sage_selfloop_nomask,900,0.04422577470541,0.0166578013449907
4,sage_selfloop_nomask,950,0.0081009306013584,0.0114753004163503
4,sage_selfloop_nomask,1000,0.0062978938221931,0.0094959363341331
4,sage_selfloop_nomask,1050,0.0131725938990712,0.0152702741324901
4,sage_selfloop_nomask,1100,0.0057103987783193,0.0088603934273123
4,sage_selfloop_nomask,1150,0.0045782746747136,0.0076414598152041
4,sage_selfloop_nomask,1200,0.0076546175405383,0.0115708475932478
4,sage_selfloop_nomask,1250,0.0044186618179082,0.0073793157935142
4,sage_selfloop_nomask,1300,0.0035912098828703,0.00650579854846
4,sage_selfloop_nomask,1350,0.0030606656800955,0.0059224595315754
4,sage_selfloop_nomask,1400,0.015989976003766,0.0132718794047832
4,sage_selfloop_nomask,1450,0.0038077794015407,0.0064513282850384
4,sage_selfloop_nomask,1500,0.0028806074988096,0.00551129411906
4,sage_selfloop_nomask,1550,0.0024170218966901,0.0050065526738762
4,sage_selfloop_nomask,1600,0.0224847681820392,0.0137142222374677
4,sage_selfloop_nomask,1650,0.0034138220362365,0.0057984553277492
4,sage_selfloop_nomask,1700,0.0023854160681366,0.0048307515680789
4,sage_selfloop_nomask,1750,0.0019756006076931,0.0043765190057456
4,sage_selfloop_nomask,1800,0.0017017208738252,0.0040571587160229
4,sage_selfloop_nomask,1850,0.0049836281687021,0.0083748586475849
4,sage_selfloop_nomask,1900,0.0022005690261721,0.0044934037141501
4,sage_selfloop_nomask,1950,0.001725856680423,0.0039894413203001
4,sage_selfloop_nomask,2000,0.0014627495547756,0.0036915375385433
4,sage_rand_nomask,50,1.0353180170059204,1.024113655090332
4,sage_rand_nomask,100,0.7078884243965149,0.7073426246643066
4,sage_rand_nomask,150,0.4733576774597168,0.4774703681468963
4,sage_rand_nomask,200,0.3319300711154938,0.3593668043613434
4,sage_rand_nomask,250,0.2512693405151367,0.2548304200172424
4,sage_rand_nomask,300,0.1953164935111999,0.1948765963315963
4,sage_rand_nomask,350,0.1507258117198944,0.1514629870653152
4,sage_rand_nomask,400,0.1294508874416351,0.1263040900230407
4,sage_rand_nomask,450,0.1065598428249359,0.0829511955380439
4,sage_rand_nomask,500,0.0596946105360984,0.0636805593967437
4,sage_rand_nomask,550,0.0496780797839164,0.0500770136713981
4,sage_rand_nomask,600,0.0482766442000865,0.1128017306327819
4,sage_rand_nomask,650,0.0310092642903327,0.0332119613885879
4,sage_rand_nomask,700,0.0498833060264587,0.0374633893370628
4,sage_rand_nomask,750,0.0227289050817489,0.0251801833510398
4,sage_rand_nomask,800,0.0446522943675518,0.0325849242508411
4,sage_rand_nomask,850,0.0189806539565324,0.0219022594392299
4,sage_rand_nomask,900,0.0160951074212789,0.0189680941402912
4,sage_rand_nomask,950,0.0270972494035959,0.0293327420949935
4,sage_rand_nomask,1000,0.0147046027705073,0.0177681036293506
4,sage_rand_nomask,1050,0.0126503370702266,0.0157730970531702
4,sage_rand_nomask,1100,0.0512622222304344,0.023571278899908
4,sage_rand_nomask,1150,0.0120954196900129,0.0153209865093231
4,sage_rand_nomask,1200,0.0101734166964888,0.0134279103949666
4,sage_rand_nomask,1250,0.0125801432877779,0.0184766054153442
4,sage_rand_nomask,1300,0.0092488089576363,0.0126210087910294
4,sage_rand_nomask,1350,0.0080998977646231,0.0114131309092044
4,sage_rand_nomask,1400,0.0097877159714698,0.0142039619386196
4,sage_rand_nomask,1450,0.0073529225774109,0.0106337936595082
4,sage_rand_nomask,1500,0.0370608121156692,0.0250366404652595
4,sage_rand_nomask,1550,0.0072964364662766,0.0104485787451267
4,sage_rand_nomask,1600,0.0059924251399934,0.0091583477333188
4,sage_rand_nomask,1650,0.0142838703468441,0.0274929832667112
4,sage_rand_nomask,1700,0.0060963630676269,0.0093252640217542
4,sage_rand_nomask,1750,0.0050462391227483,0.0080625554546713
4,sage_rand_nomask,1800,0.0065014199353754,0.0123092718422412
4,sage_rand_nomask,1850,0.007014000788331,0.0091645782813429
4,sage_rand_nomask,1900,0.0043847761116921,0.0073179109022021
4,sage_rand_nomask,1950,0.003747463459149,0.0065935170277953
4,sage_rand_nomask,2000,0.0233653150498867,0.0336805805563926
4,sage_knn_nomask,50,0.8814451098442078,0.8727962374687195
4,sage_knn_nomask,100,0.5845592617988586,0.5831291079521179
4,sage_knn_nomask,150,0.3901719152927398,0.3919468522071838
4,sage_knn_nomask,200,0.2425545156002044,0.2453721463680267
4,sage_knn_nomask,250,0.1588537245988845,0.1603965759277343
4,sage_knn_nomask,300,0.1094536110758781,0.1144789084792137
4,sage_knn_nomask,350,0.0918828472495079,0.0902851969003677
4,sage_knn_nomask,400,0.0631524994969368,0.0885807275772094
4,sage_knn_nomask,450,0.0470341742038726,0.0521948784589767
4,sage_knn_nomask,500,0.0406426936388015,0.0468224696815013
4,sage_knn_nomask,550,0.0299504064023494,0.0348607972264289
4,sage_knn_nomask,600,0.0787437111139297,0.0508363172411918
4,sage_knn_nomask,650,0.0234189368784427,0.0280104782432317
4,sage_knn_nomask,700,0.0183826386928558,0.0229184553027153
4,sage_knn_nomask,750,0.0156420674175024,0.0208010580390691
4,sage_knn_nomask,800,0.0173535365611314,0.0224954914301633
4,sage_knn_nomask,850,0.0127213718369603,0.0170389711856842
4,sage_knn_nomask,900,0.0105787981301546,0.0149652827531099
4,sage_knn_nomask,950,0.0210293736308813,0.0284021031111478
4,sage_knn_nomask,1000,0.0093822050839662,0.0136418407782912
4,sage_knn_nomask,1050,0.0076045510359108,0.0119523517787456
4,sage_knn_nomask,1100,0.0064927404746413,0.0108921993523836
4,sage_knn_nomask,1150,0.0090173678472638,0.0128384614363312
4,sage_knn_nomask,1200,0.005800224840641,0.0101210018619894
4,sage_knn_nomask,1250,0.0048813195899128,0.0092424117028713
4,sage_knn_nomask,1300,0.0084887985140085,0.014320358633995
4,sage_knn_nomask,1350,0.0047824531793594,0.0089922463521361
4,sage_knn_nomask,1400,0.0038968538865447,0.0081408601254224
4,sage_knn_nomask,1450,0.0165618397295475,0.0571943819522857
4,sage_knn_nomask,1500,0.0045489883050322,0.0087769916281104
4,sage_knn_nomask,1550,0.0033224211074411,0.0074412813410162
4,sage_knn_nomask,1600,0.0027970487717539,0.0069107851013541
4,sage_knn_nomask,1650,0.017000064253807,0.0122113414108753
4,sage_knn_nomask,1700,0.0031615584157407,0.007114958949387
4,sage_knn_nomask,1750,0.0024334706831723,0.0063918544910848
4,sage_knn_nomask,1800,0.0020833401940762,0.0060132108628749
4,sage_knn_nomask,1850,0.0048699560575187,0.0094258151948452
4,sage_knn_nomask,1900,0.0021974160335958,0.006033067125827
4,sage_knn_nomask,1950,0.0018011240754276,0.0056167016737163
4,sage_knn_nomask,2000,0.0083438754081726,0.0262090936303138
4,mlp_ae_lr2x,50,1.2087706327438354,1.212341547012329
4,mlp_ae_lr2x,100,0.967666506767273,0.9777638912200928
4,mlp_ae_lr2x,150,0.7949904203414917,0.7982076406478882
4,mlp_ae_lr2x,200,0.6961764097213745,0.700568437576294
4,mlp_ae_lr2x,250,0.6410183906555176,0.6503027677536011
4,mlp_ae_lr2x,300,0.6186002492904663,0.6253570318222046
4,mlp_ae_lr2x,350,0.6052471399307251,0.6101459264755249
4,mlp_ae_lr2x,400,0.598828911781311,0.5955111980438232
4,mlp_ae_lr2x,450,0.5749737024307251,0.5948419570922852
4,mlp_ae_lr2x,500,0.5721155405044556,0.5846068263053894
4,mlp_ae_lr2x,550,0.5611326098442078,0.5676814317703247
4,mlp_ae_lr2x,600,0.5682203769683838,0.5751594305038452
4,mlp_ae_lr2x,650,0.5403882265090942,0.5572186708450317
4,mlp_ae_lr2x,700,0.5576976537704468,0.5533754825592041
4,mlp_ae_lr2x,750,0.5517752170562744,0.5571668148040771
4,mlp_ae_lr2x,800,0.5427287817001343,0.5428919792175293
4,mlp_ae_lr2x,850,0.5296242237091064,0.5424857139587402
4,mlp_ae_lr2x,900,0.5288596153259277,0.541813850402832
4,mlp_ae_lr2x,950,0.5362244844436646,0.5418174266815186
4,mlp_ae_lr2x,1000,0.5327436923980713,0.5383341908454895
4,mlp_ae_lr2x,1050,0.5181921124458313,0.5327565670013428
4,mlp_ae_lr2x,1100,0.5217701196670532,0.5306367874145508
4,mlp_ae_lr2x,1150,0.5245715379714966,0.5289571285247803
4,mlp_ae_lr2x,1200,0.5274566411972046,0.5299750566482544
4,mlp_ae_lr2x,1250,0.5138360261917114,0.5278433561325073
4,mlp_ae_lr2x,1300,0.5186812877655029,0.5297988653182983
4,mlp_ae_lr2x,1350,0.5235865116119385,0.5283101201057434
4,mlp_ae_lr2x,1400,0.5306469202041626,0.5294025540351868
4,mlp_ae_lr2x,1450,0.5127952098846436,0.5248662829399109
4,mlp_ae_lr2x,1500,0.5157712697982788,0.5239273309707642
4,mlp_ae_lr2x,1550,0.5192354917526245,0.523681640625
4,mlp_ae_lr2x,1600,0.5183182954788208,0.5220549702644348
4,mlp_ae_lr2x,1650,0.507941722869873,0.5227208137512207
4,mlp_ae_lr2x,1700,0.5183183550834656,0.5280498266220093
4,mlp_ae_lr2x,1750,0.5176512002944946,0.5219382047653198
4,mlp_ae_lr2x,1800,0.5183570384979248,0.5234496593475342
4,mlp_ae_lr2x,1850,0.5063220858573914,0.5214300155639648
4,mlp_ae_lr2x,1900,0.510002613067627,0.5187169313430786
4,mlp_ae_lr2x,1950,0.5205923318862915,0.528225302696228
4,mlp_ae_lr2x,2000,0.5160537362098694,0.5190787315368652
4,sage_knn_cleannbr,50,1.0136638879776,1.0423182249069214
4,sage_knn_cleannbr,100,0.6884840130805969,0.7356306910514832
4,sage_knn_cleannbr,150,0.4979402720928192,0.5388195514678955
4,sage_knn_cleannbr,200,0.3777102530002594,0.4244751632213592
4,sage_knn_cleannbr,250,0.3052535951137543,0.3562761545181274
4,sage_knn_cleannbr,300,0.2688921988010406,0.3247337937355041
4,sage_knn_cleannbr,350,0.2459620833396911,0.3027790188789367
4,sage_knn_cleannbr,400,0.2287940233945846,0.2845053672790527
4,sage_knn_cleannbr,450,0.2092890739440918,0.2669234275817871
4,sage_knn_cleannbr,500,0.1993523389101028,0.2549150884151459
4,sage_knn_cleannbr,550,0.1917047500610351,0.244393765926361
4,sage_knn_cleannbr,600,0.1792671382427215,0.2299079746007919
4,sage_knn_cleannbr,650,0.1676302552223205,0.2199082970619201
4,sage_knn_cleannbr,700,0.1568954735994339,0.2057435363531112
4,sage_knn_cleannbr,750,0.1519263684749603,0.1965730786323547
4,sage_knn_cleannbr,800,0.1491309851408004,0.1906668096780777
4,sage_knn_cleannbr,850,0.1393652856349945,0.1811460554599762
4,sage_knn_cleannbr,900,0.1341683864593505,0.1761786043643951
4,sage_knn_cleannbr,950,0.1277108490467071,0.1680014282464981
4,sage_knn_cleannbr,1000,0.1253152787685394,0.1614765226840973
4,sage_knn_cleannbr,1050,0.1281539499759674,0.1612029671669006
4,sage_knn_cleannbr,1100,0.117546297609806,0.1544319093227386
4,sage_knn_cleannbr,1150,0.1177959218621254,0.1532314717769622
4,sage_knn_cleannbr,1200,0.1157296895980835,0.1505851596593856
4,sage_knn_cleannbr,1250,0.1129026859998703,0.1454311460256576
4,sage_knn_cleannbr,1300,0.1325000375509262,0.1658972799777984
4,sage_knn_cleannbr,1350,0.1080619990825653,0.1400099396705627
4,sage_knn_cleannbr,1400,0.1091344505548477,0.1421341001987457
4,sage_knn_cleannbr,1450,0.103839099407196,0.1322608590126037
4,sage_knn_cleannbr,1500,0.1012770682573318,0.1298803091049194
4,sage_knn_cleannbr,1550,0.1005944237112999,0.1273745894432068
4,sage_knn_cleannbr,1600,0.1005516499280929,0.1268090605735778
4,sage_knn_cleannbr,1650,0.1030038446187973,0.1254784017801284
4,sage_knn_cleannbr,1700,0.0979800224304199,0.1189787536859512
4,sage_knn_cleannbr,1750,0.1148461550474166,0.1287383437156677
4,sage_knn_cleannbr,1800,0.0915818065404892,0.1129010170698165
4,sage_knn_cleannbr,1850,0.0894284173846244,0.1116265207529068
4,sage_knn_cleannbr,1900,0.088088221848011,0.1094949692487716
4,sage_knn_cleannbr,1950,0.0883799791336059,0.110705018043518
4,sage_knn_cleannbr,2000,0.0871472507715225,0.1088710129261016
